"setting","mech","n","cens","backend","method","R","mean_cov","mcse_cov","med_cov","pac_success","mean_short","mean_abscal","med_lpb","worst_slice","sd_tau","sd_cov","mean_maxwt","mean_ess","mean_clipfrac"
"A","C1",300,0.4,"weibull_cox","Clip-AIPCW",100,0.926695,0.00282980970734747,0.92775,0.85,0.00294,0.032575,0.230443234802945,0.908775499707617,0.0328096746017809,0.0282980970734747,2.18668848282304,67.1202822135386,0.105144843331884
"B","C1",300,0.4,"weibull_cox","Clip-AIPCW",100,0.91914,0.00290123693578717,0.9225,0.77,0.00519500000000001,0.02953,0.403198516399748,0.886080465397328,0.0291287632501768,0.0290123693578717,2.21324978105635,66.5873115511321,0.104908517066304
"C","C1",300,0.4,"weibull_cox","Clip-AIPCW",100,0.921235,0.00267966015295849,0.9255,0.8,0.00378000000000001,0.028795,0.449027724026188,0.887547134854502,0.0320383293174683,0.0267966015295849,2.23642219508463,66.3947834441826,0.105348466888782
"A","C2",300,0.4,"weibull_cox","Clip-AIPCW",100,0.92052,0.00310972667609229,0.9195,0.78,0.00515000000000001,0.03082,0.241032500097139,0.901192662956067,0.036973782685311,0.0310972667609229,2.35736573183614,66.9022994088682,0.104314108464064
"B","C2",300,0.4,"weibull_cox","Clip-AIPCW",100,0.92349,0.0026048224507632,0.923,0.78,0.00280500000000001,0.0291,0.405433894369741,0.887465923549283,0.0281013677369424,0.026048224507632,2.46334733284064,65.5515862030653,0.105090423168488
"C","C2",300,0.4,"weibull_cox","Clip-AIPCW",100,0.916265,0.00281494438110007,0.91625,0.76,0.00531,0.026885,0.469353135227163,0.881551963903144,0.0338259060365265,0.0281494438110007,2.25490096153519,66.8237236004866,0.104676467383811
"A","C3",300,0.4,"weibull_cox","Clip-AIPCW",100,0.92317,0.00312882670751459,0.92525,0.82,0.004595,0.03236,0.236839580677155,0.90429686335875,0.0340919730473703,0.0312882670751459,2.24340009906182,66.8067236619016,0.10463985739656
"B","C3",300,0.4,"weibull_cox","Clip-AIPCW",100,0.91948,0.00285377580822957,0.92325,0.74,0.00487500000000001,0.02923,0.395376204828751,0.884487889560754,0.0265335693609115,0.0285377580822957,2.15619590778218,66.6077664849702,0.104650351876268
"C","C3",300,0.4,"weibull_cox","Clip-AIPCW",100,0.919515,0.00279540075911137,0.9225,0.77,0.00463000000000001,0.028775,0.457000178071741,0.885072181705921,0.0330623836424601,0.0279540075911137,2.22968718471568,66.1769291535257,0.104361084034126
"A","C1",600,0.4,"weibull_cox","Clip-AIPCW",100,0.91503,0.00225978031470032,0.91475,0.78,0.00358000000000001,0.02219,0.256022569447933,0.898777077964891,0.0237688787274368,0.0225978031470032,2.10305959698073,134.385753572708,0.102406361821208
"B","C1",600,0.4,"weibull_cox","Clip-AIPCW",100,0.920885,0.00211206078453622,0.92075,0.83,0.00215500000000001,0.025195,0.402841193214028,0.890558503754284,0.0207593230850501,0.0211206078453622,2.18234323613487,133.384208345629,0.102357990425152
"C","C1",600,0.4,"weibull_cox","Clip-AIPCW",100,0.916805,0.00251763371947838,0.921,0.79,0.00452500000000001,0.025855,0.472046512052955,0.885524729783754,0.0247563888295282,0.0251763371947838,2.17627873126488,132.576667826559,0.10228610874429
"A","C2",600,0.4,"weibull_cox","Clip-AIPCW",100,0.91183,0.0021382426939386,0.9125,0.75,0.00382000000000001,0.01947,0.262303707036728,0.89484324414061,0.0227722585084519,0.021382426939386,2.32683851461657,132.915515522338,0.102249412459313
"B","C2",600,0.4,"weibull_cox","Clip-AIPCW",100,0.921325,0.00218297331058982,0.9255,0.83,0.00252500000000001,0.026375,0.411647241201993,0.88242218882167,0.0209376177819693,0.0218297331058982,2.3623391275742,131.762144116582,0.102649797663256
"C","C2",600,0.4,"weibull_cox","Clip-AIPCW",100,0.91363,0.00251805219737139,0.91375,0.76,0.00495000000000001,0.02353,0.489635857705328,0.881978312456828,0.0244079387648256,0.0251805219737139,2.23142740330477,133.677337770003,0.102231831138411
"A","C3",600,0.4,"weibull_cox","Clip-AIPCW",100,0.91563,0.00238245501934285,0.91675,0.75,0.00415,0.02393,0.252687395455516,0.899633469466662,0.0245393931909862,0.0238245501934285,2.11110251199992,134.253205495267,0.102460527836348
"B","C3",600,0.4,"weibull_cox","Clip-AIPCW",100,0.918415,0.00210508109443352,0.92075,0.84,0.00264,0.023695,0.412647853466604,0.886501609234718,0.0207680796250672,0.0210508109443352,2.15993098489465,132.430528010367,0.102236928691031
"C","C3",600,0.4,"weibull_cox","Clip-AIPCW",100,0.916085,0.00265411872607862,0.92025,0.78,0.00536500000000001,0.026815,0.469126698447001,0.88347056520777,0.0254992572678524,0.0265411872607862,2.16135314592549,132.236873923331,0.102157709699326
"A","C1",1200,0.4,"weibull_cox","Clip-AIPCW",100,0.92004,0.00158752523244085,0.9225,0.86,0.000900000000000005,0.02184,0.249591631083999,0.905714362725816,0.0156795562707777,0.0158752523244085,2.15247066549788,268.800583158529,0.101113086874001
"B","C1",1200,0.4,"weibull_cox","Clip-AIPCW",100,0.91918,0.00164452750267994,0.919,0.9,0.0012,0.02158,0.417099823034697,0.894136764268883,0.0149936013288363,0.0164452750267994,2.19126185193145,266.056397038352,0.101331874254741
"C","C1",1200,0.4,"weibull_cox","Clip-AIPCW",100,0.91915,0.00166124116919315,0.9195,0.86,0.000920000000000005,0.02099,0.475468690028363,0.885903431008688,0.0173496426767268,0.0166124116919315,2.18506372027648,269.014937994975,0.101064339845035
"A","C2",1200,0.4,"weibull_cox","Clip-AIPCW",100,0.91643,0.00166548473242459,0.91775,0.86,0.00168500000000001,0.0198,0.251436082171562,0.901589900527079,0.0162713728909879,0.0166548473242459,2.28849385201098,267.423301762284,0.101396796589786
"B","C2",1200,0.4,"weibull_cox","Clip-AIPCW",100,0.92212,0.00147831326213699,0.921,0.94,0.000335000000000002,0.02279,0.417374700796909,0.883467547840589,0.0139624315557676,0.0147831326213699,2.39680189253844,264.301909902325,0.101347220978759
"C","C2",1200,0.4,"weibull_cox","Clip-AIPCW",100,0.91507,0.00170563563790539,0.91675,0.76,0.00186500000000001,0.0188,0.482964985899457,0.88188063631381,0.016966991126266,0.0170563563790539,2.21735095414161,269.118247172505,0.101324255866387
"A","C3",1200,0.4,"weibull_cox","Clip-AIPCW",100,0.92111,0.00156509560168836,0.922,0.91,0.000720000000000004,0.02255,0.246227203374673,0.906682172545469,0.0158030811469591,0.0156509560168836,2.12144055452693,269.135083876102,0.101238438841361
"B","C3",1200,0.4,"weibull_cox","Clip-AIPCW",100,0.919105,0.00171482388588332,0.9205,0.88,0.001525,0.022155,0.415368114150837,0.894531278282933,0.0147747395676854,0.0171482388588332,2.20686365668165,265.760053983584,0.101210872234315
"C","C3",1200,0.4,"weibull_cox","Clip-AIPCW",100,0.91682,0.00171423805850066,0.91675,0.85,0.00154,0.0199,0.475212250349433,0.882124722950781,0.0180378390159031,0.0171423805850066,2.14907499363735,268.979823540921,0.10115572239193
"A","C1",300,0.6,"weibull_cox","Clip-AIPCW",100,0.934425,0.00308497806255809,0.937,0.88,0.002735,0.039895,0.213188822921483,0.915100391877834,0.0345206715994456,0.0308497806255809,3.21240736086079,41.7679425290077,0.107753050049756
"B","C1",300,0.6,"weibull_cox","Clip-AIPCW",100,0.933935,0.0028395800568024,0.93625,0.88,0.00189500000000001,0.037725,0.368516893057841,0.903636286848258,0.0293489971951962,0.028395800568024,3.60238296398914,40.4732148952681,0.106993051508399
"C","C1",300,0.6,"weibull_cox","Clip-AIPCW",100,0.931165,0.00351348811544507,0.937,0.87,0.004625,0.040415,0.417843033607177,0.898570981916304,0.0368787256292894,0.0351348811544507,3.7703420039806,39.5766185853065,0.107227649445828
"A","C2",300,0.6,"weibull_cox","Clip-AIPCW",100,0.928295,0.00333378099266744,0.93525,0.82,0.00430000000000001,0.036895,0.216289454350038,0.907823766591689,0.0391127610992638,0.0333378099266744,3.65277417355213,40.6988439683519,0.107845061794399
"B","C2",300,0.6,"weibull_cox","Clip-AIPCW",100,0.938725,0.00295905027590839,0.944,0.91,0.00155,0.041825,0.365838376888694,0.908187075450782,0.0334861647897043,0.0295905027590839,4.23406305421257,38.9226239594997,0.107680202229849
"C","C2",300,0.6,"weibull_cox","Clip-AIPCW",100,0.917235,0.00979483592810956,0.92975,0.79,0.01265,0.042535,0.434941631250674,0.881568672069657,0.0351906782882035,0.0979483592810956,4.04720617121737,39.81253556232,0.106789748640226
"A","C3",300,0.6,"weibull_cox","Clip-AIPCW",100,0.936315,0.00323327596793848,0.93875,0.89,0.002715,0.041745,0.20380053044967,0.918357445262489,0.0367710635025846,0.0323327596793848,3.18038218211918,41.6362352640738,0.107310746282285
"B","C3",300,0.6,"weibull_cox","Clip-AIPCW",100,0.93503,0.00290845875391629,0.93825,0.89,0.00217,0.03937,0.364890183799588,0.903874383183925,0.0301596760693158,0.0290845875391629,3.54919936458529,40.1775049583298,0.106431837033273
"C","C3",300,0.6,"weibull_cox","Clip-AIPCW",100,0.93025,0.00377495401002155,0.93425,0.81,0.00552500000000001,0.0413,0.415125342206129,0.895363055160775,0.0364975438498361,0.0377495401002155,3.68965693470504,39.3198506622062,0.107290330523614
"A","C1",600,0.6,"weibull_cox","Clip-AIPCW",100,0.9163,0.0096417652099414,0.92875,0.8,0.011825,0.03995,0.229711054230317,0.9013504417277,0.0275701126423363,0.096417652099414,3.12716516919337,82.2739805229122,0.103681017780938
"B","C1",600,0.6,"weibull_cox","Clip-AIPCW",100,0.929435,0.0019735966117367,0.93025,0.92,0.000715000000000003,0.030865,0.382233392568422,0.901448056954968,0.0214089568719131,0.019735966117367,3.3492991453412,81.1943310088919,0.102900690152668
"C","C1",600,0.6,"weibull_cox","Clip-AIPCW",100,0.908335,0.013311338022509,0.9295,0.83,0.02091,0.050155,0.439417876965598,0.876998342543945,0.0305233806724741,0.13311338022509,3.34576098915313,80.0359353200252,0.103986147715823
"A","C2",600,0.6,"weibull_cox","Clip-AIPCW",100,0.912685,0.00949847051749476,0.9225,0.81,0.011285,0.035255,0.241458541765423,0.896430832103674,0.0243482727074917,0.0949847051749476,3.4699972370454,81.8800570019676,0.104048286383747
"B","C2",600,0.6,"weibull_cox","Clip-AIPCW",100,0.93411,0.00202531429160957,0.935,0.92,0.000630000000000002,0.03537,0.387614840347675,0.900336412830923,0.0240645176577676,0.0202531429160957,3.81594876135097,80.3105226148554,0.103933269292278
"C","C2",600,0.6,"weibull_cox","Clip-AIPCW",99,0.92209595959596,0.00268523871291836,0.9255,0.828282828282828,0.0038989898989899,0.0298939393939394,0.453695074503586,0.889059890914569,0.0275895498546689,0.0267177878498611,3.5790876608207,81.6406502118326,0.103599331485791
"A","C3",600,0.6,"weibull_cox","Clip-AIPCW",100,0.929525,0.00215401170241515,0.93,0.92,0.000940000000000002,0.031405,0.230008442189083,0.914772071462064,0.0241917842302387,0.0215401170241515,3.05270756161142,82.6533023298932,0.103636778054486
"B","C3",600,0.6,"weibull_cox","Clip-AIPCW",100,0.9294,0.00219497819873667,0.9315,0.92,0.001375,0.03215,0.377997599491457,0.901258540060664,0.0237007863314126,0.0219497819873667,3.33432792410441,80.4926046083533,0.103397504903597
"C","C3",600,0.6,"weibull_cox","Clip-AIPCW",100,0.925165,0.00260564708223729,0.92875,0.83,0.002845,0.030855,0.442835297040665,0.892488241500145,0.0268514431641951,0.0260564708223729,3.35049030556194,79.4945028605026,0.104073355902099
"A","C1",1200,0.6,"weibull_cox","Clip-AIPCW",100,0.93172,0.00181752579073861,0.9335,0.94,0.000630000000000002,0.03298,0.225657076052819,0.916956581192235,0.0171890850967888,0.0181752579073861,3.10500058508671,164.26628147633,0.101675050022542
"B","C1",1200,0.6,"weibull_cox","Clip-AIPCW",100,0.92935,0.00154106253519244,0.93125,0.95,0.000450000000000003,0.03025,0.396466631047505,0.908237001706334,0.0139855625412766,0.0154106253519244,3.30272069884903,163.618366045889,0.102124480417169
"C","C1",1200,0.6,"weibull_cox","Clip-AIPCW",100,0.92724,0.00175144211864095,0.92675,0.94,0.000265000000000002,0.02777,0.45048489420171,0.896511512048144,0.0186179016708721,0.0175144211864095,3.26552105274679,163.409333295926,0.101972440550609
"A","C2",1200,0.6,"weibull_cox","Clip-AIPCW",100,0.917475,0.00938665336334715,0.927,0.93,0.00949,0.036455,0.232991579103544,0.901821700282506,0.0172328087371066,0.0938665336334715,3.48790063395855,163.23864406895,0.101664963378234
"B","C2",1200,0.6,"weibull_cox","Clip-AIPCW",100,0.93301,0.00150406822056754,0.93225,0.98,1.00000000000011e-05,0.03303,0.390344310614883,0.898375080918056,0.0154971486461741,0.0150406822056754,3.77460949278972,160.828640849546,0.102147570079968
"C","C2",1200,0.6,"weibull_cox","Clip-AIPCW",100,0.910145,0.00938639218940554,0.9185,0.8,0.010505,0.031155,0.477218258354217,0.877814340091133,0.0217132366648698,0.0938639218940554,3.63143580352157,163.435220761815,0.101775335775168
"A","C3",1200,0.6,"weibull_cox","Clip-AIPCW",100,0.915005,0.0131595425586734,0.93575,0.94,0.01859,0.052185,0.216799105659924,0.900546074403655,0.0187756558480723,0.131595425586734,3.04884365459589,164.463179518208,0.101520415163463
"B","C3",1200,0.6,"weibull_cox","Clip-AIPCW",100,0.92995,0.00176193620540563,0.93175,0.93,0.000740000000000003,0.03143,0.388026478211188,0.908279592444509,0.0150618254490811,0.0176193620540563,3.33684857228611,161.816714153381,0.102066426378923
"C","C3",1200,0.6,"weibull_cox","Clip-AIPCW",100,0.92489,0.0017841980344857,0.92475,0.93,0.000590000000000003,0.02607,0.45713953657873,0.892758494095373,0.0183941141222793,0.017841980344857,3.28175697451285,162.257811537918,0.101787465442875
"A","C1",300,0.8,"weibull_cox","Clip-AIPCW",100,0.947015,0.00345272147820536,0.9535,0.92,0.0029,0.052815,0.175715394455396,0.927139739124878,0.0342633885945304,0.0345272147820536,5.2726853973869,18.266360354416,0.114562891106553
"B","C1",300,0.8,"weibull_cox","Clip-AIPCW",100,0.947845,0.00385210617321187,0.95825,0.92,0.00354,0.054925,0.316170520157829,0.913593621132988,0.0317496520302255,0.0385210617321187,6.33174935302717,17.7317924554695,0.116462951342662
"C","C1",300,0.8,"weibull_cox","Clip-AIPCW",100,0.932925,0.00595954109395221,0.94975,0.78,0.01376,0.060445,0.35671554956931,0.88387437750474,0.0406830568063796,0.0595954109395221,5.89873536539045,17.5049342676785,0.115922687872438
"A","C2",300,0.8,"weibull_cox","Clip-AIPCW",100,0.93623,0.00453832957744756,0.94625,0.87,0.00723,0.05069,0.185311778665078,0.912905981849417,0.0428806188708544,0.0453832957744756,7.02831768636385,17.4361201344541,0.114907865649896
"B","C2",300,0.8,"weibull_cox","Clip-AIPCW",100,0.95244,0.0032748296277683,0.961,0.93,0.001855,0.05615,0.285684501459532,0.909110776503627,0.0417128229200518,0.032748296277683,8.38720479454163,17.3437271188922,0.112817018155905
"C","C2",300,0.8,"weibull_cox","Clip-AIPCW",100,0.93004,0.00516232310088973,0.93975,0.78,0.01044,0.05092,0.387624562467863,0.885564375794632,0.0455383066630433,0.0516232310088973,8.85348912813235,16.1843854977581,0.114513115107076
"A","C3",300,0.8,"weibull_cox","Clip-AIPCW",100,0.94749,0.00384464720373822,0.95475,0.93,0.003455,0.0544,0.169592519273095,0.92813300233612,0.0350138500735023,0.0384464720373822,5.1193586906298,18.4301615035635,0.113796691700472
"B","C3",300,0.8,"weibull_cox","Clip-AIPCW",100,0.95136,0.00385321641848427,0.96225,0.92,0.003285,0.05793,0.297783320371792,0.919113613266015,0.0333240896273994,0.0385321641848427,6.58825086664622,17.4507406695393,0.115574503973188
"C","C3",300,0.8,"weibull_cox","Clip-AIPCW",100,0.93368,0.00571478907234678,0.95025,0.81,0.0133,0.06028,0.340219980037119,0.882428587580062,0.0382147044521299,0.0571478907234678,6.20304339998858,17.6311038951167,0.1160057570868
"A","C1",600,0.8,"weibull_cox","Clip-AIPCW",100,0.93924,0.00287643227388768,0.94125,0.94,0.002355,0.04395,0.199134365204257,0.921566880698014,0.0259572297785757,0.0287643227388768,5.15516510068457,35.9277218911126,0.105986837298426
"B","C1",600,0.8,"weibull_cox","Clip-AIPCW",100,0.94286,0.00252139411493489,0.94225,0.94,0.001225,0.04531,0.350068253909311,0.917341703649429,0.0237994567461978,0.0252139411493489,5.90573354251019,36.0528273248811,0.107651416054082
"C","C1",600,0.8,"weibull_cox","Clip-AIPCW",100,0.937455,0.00333231874710737,0.94225,0.85,0.00323,0.043915,0.398071707715556,0.90549541430899,0.0294295941205619,0.0333231874710737,5.64114749625876,35.5070136034635,0.107015360446529
"A","C2",600,0.8,"weibull_cox","Clip-AIPCW",100,0.936625,0.00295448960708679,0.942,0.92,0.00234,0.041305,0.199213855714302,0.918398532255836,0.027408433414229,0.0295448960708679,6.58761446588958,35.5064996904729,0.107708471816347
"B","C2",600,0.8,"weibull_cox","Clip-AIPCW",100,0.947875,0.00264501985824399,0.951,0.98,0.00118,0.050235,0.338298531521161,0.911851490030921,0.0369744656636321,0.0264501985824399,7.24570464148101,34.9603459958983,0.108005825617477
"C","C2",600,0.8,"weibull_cox","Clip-AIPCW",100,0.925115,0.00378203391782194,0.92825,0.74,0.00620500000000001,0.037525,0.442910643845689,0.887476745433349,0.0366727267719335,0.0378203391782194,7.04412076790082,34.8439739001629,0.108186967464513
"A","C3",600,0.8,"weibull_cox","Clip-AIPCW",100,0.944055,0.00245272364583299,0.9485,0.96,0.000425000000000002,0.044905,0.185024417919414,0.927509926292809,0.0236421127429317,0.0245272364583299,5.00499122298722,36.2085473475684,0.106925290006254
"B","C3",600,0.8,"weibull_cox","Clip-AIPCW",100,0.95009,0.00252165750363854,0.949,0.98,0.00072,0.05153,0.332826945829101,0.927662145115879,0.0261665219065673,0.0252165750363854,5.85754661149361,35.4647963170024,0.107741262378262
"C","C3",600,0.8,"weibull_cox","Clip-AIPCW",100,0.928355,0.0097983334364224,0.94625,0.8,0.012295,0.052945,0.387774349852725,0.895224713949736,0.0291791748071162,0.097983334364224,5.69461311418798,35.069295042589,0.106926403837494
"A","C1",1200,0.8,"weibull_cox","Clip-AIPCW",100,0.948075,0.00200913789994866,0.95025,0.97,5.00000000000012e-05,0.048175,0.183869557237781,0.933337981652727,0.0182574185835055,0.0200913789994866,4.83169585227273,73.5367070610589,0.103310836160122
"B","C1",1200,0.8,"weibull_cox","Clip-AIPCW",100,0.944525,0.00157508016470671,0.94725,0.98,0.00019,0.044905,0.347597199609675,0.924495103256463,0.0138808057286588,0.0157508016470671,5.67734247176281,72.2879092296866,0.103460114698044
"C","C1",1200,0.8,"weibull_cox","Clip-AIPCW",100,0.9375,0.00228226584203886,0.943,0.93,0.00108,0.03966,0.407202183672371,0.908151589259699,0.0177442550099627,0.0228226584203886,5.36461058084264,70.3371190175803,0.103487924039094
"A","C2",1200,0.8,"weibull_cox","Clip-AIPCW",100,0.940585,0.00190644911611174,0.9435,0.98,3.00000000000011e-05,0.040645,0.197507927574962,0.925204503774739,0.0200954791639384,0.0190644911611174,6.37176333506036,70.5006659198636,0.1034581299668
"B","C2",1200,0.8,"weibull_cox","Clip-AIPCW",100,0.94949,0.00148528098215778,0.95025,1,0,0.04949,0.345798082502454,0.916878337492081,0.0210137040422615,0.0148528098215778,7.39880661478002,69.4550520301501,0.104279260834171
"C","C2",1200,0.8,"weibull_cox","Clip-AIPCW",100,0.927375,0.00245907282149475,0.92975,0.88,0.00207,0.031515,0.437415540170618,0.896681208509225,0.0223405687058546,0.0245907282149475,7.10942976202838,68.2596180157725,0.103740191925352
"A","C3",1200,0.8,"weibull_cox","Clip-AIPCW",100,0.950255,0.00178069749981814,0.95225,1,0,0.050255,0.181097193494007,0.936500803159459,0.0169503136051558,0.0178069749981814,4.67102686255472,73.6345848314614,0.103706115558498
"B","C3",1200,0.8,"weibull_cox","Clip-AIPCW",100,0.9484,0.00153313569213721,0.951,1,0,0.0484,0.338130736654931,0.929443301898198,0.0139156913104044,0.0153313569213721,5.49415666839283,71.5002663710532,0.103648877958428
"C","C3",1200,0.8,"weibull_cox","Clip-AIPCW",100,0.93908,0.0020934809830191,0.94175,0.97,0.000620000000000002,0.04032,0.409857848888284,0.909814688792023,0.018348753845337,0.020934809830191,5.46413985640387,69.0583964444615,0.103400279797361
"A","C1",300,0.4,"weibull_cox","Clip-IPCW",100,0.922535,0.00303622285783245,0.925,0.8,0.00468,0.031895,0.237981584363234,0.904090302925673,0.0331814722550115,0.0303622285783245,2.18668848282304,67.1202822135386,0.105144843331884
"B","C1",300,0.4,"weibull_cox","Clip-IPCW",100,0.917705,0.0028096073901648,0.922,0.76,0.00506000000000001,0.027825,0.415433252352622,0.883591152336789,0.0264145276832139,0.0280960739016481,2.21324978105635,66.5873115511321,0.104908517066304
"C","C1",300,0.4,"weibull_cox","Clip-IPCW",100,0.91828,0.00289058310848706,0.92125,0.78,0.00534000000000001,0.02896,0.460148500703161,0.883692204712312,0.0346847272301557,0.0289058310848706,2.23642219508463,66.3947834441826,0.105348466888782
"A","C2",300,0.4,"weibull_cox","Clip-IPCW",100,0.91841,0.00301836449793994,0.9205,0.76,0.00577000000000001,0.02995,0.241830718263827,0.898036216028334,0.0336798653995727,0.0301836449793994,2.35736573183614,66.9022994088682,0.104314108464064
"B","C2",300,0.4,"weibull_cox","Clip-IPCW",100,0.922425,0.00255821488226427,0.92075,0.8,0.00266500000000001,0.027755,0.417875434036424,0.886029400510242,0.0286391693350561,0.0255821488226427,2.46334733284064,65.5515862030653,0.105090423168488
"C","C2",300,0.4,"weibull_cox","Clip-IPCW",100,0.915595,0.00303605185373799,0.91825,0.74,0.00644500000000001,0.028485,0.458584270090845,0.880931524806431,0.036292303772719,0.0303605185373799,2.25490096153519,66.8237236004866,0.104676467383811
"A","C3",300,0.4,"weibull_cox","Clip-IPCW",100,0.920875,0.00305591308743881,0.9245,0.8,0.00507000000000001,0.031015,0.239402750497186,0.902199933742909,0.0335622442995733,0.0305591308743881,2.24340009906182,66.8067236619016,0.10463985739656
"B","C3",300,0.4,"weibull_cox","Clip-IPCW",100,0.916225,0.00296489030066029,0.918,0.71,0.00618500000000001,0.028595,0.411969056599234,0.880122276955845,0.0265558302677985,0.0296489030066029,2.15619590778218,66.6077664849702,0.104650351876268
"C","C3",300,0.4,"weibull_cox","Clip-IPCW",100,0.917515,0.00316686167661107,0.9205,0.74,0.006645,0.030805,0.45803027667275,0.882299906228394,0.0369274472937998,0.0316686167661107,2.22968718471568,66.1769291535257,0.104361084034126
"A","C1",600,0.4,"weibull_cox","Clip-IPCW",100,0.917615,0.0021857071874089,0.91825,0.81,0.00281500000000001,0.023245,0.250870339218795,0.901731456835463,0.0230624974336863,0.021857071874089,2.10305959698073,134.385753572708,0.102406361821208
"B","C1",600,0.4,"weibull_cox","Clip-IPCW",100,0.922445,0.00208983706048915,0.91875,0.84,0.00135500000000001,0.025155,0.401871882241083,0.892634110797255,0.0208939119256198,0.0208983706048915,2.18234323613487,133.384208345629,0.102357990425152
"C","C1",600,0.4,"weibull_cox","Clip-IPCW",100,0.91883,0.00263231875353309,0.923,0.78,0.00445000000000001,0.02773,0.465687189012423,0.888185272378907,0.0252412601135762,0.0263231875353309,2.17627873126488,132.576667826559,0.10228610874429
"A","C2",600,0.4,"weibull_cox","Clip-IPCW",100,0.911915,0.00202697783446542,0.9125,0.72,0.00335500000000001,0.018625,0.261044087128176,0.895059172233298,0.0224679345024878,0.0202697783446542,2.32683851461657,132.915515522338,0.102249412459313
"B","C2",600,0.4,"weibull_cox","Clip-IPCW",100,0.92239,0.00232370937350721,0.924,0.82,0.00234000000000001,0.02707,0.412219500559502,0.884217195250378,0.0218479594775653,0.0232370937350721,2.3623391275742,131.762144116582,0.102649797663256
"C","C2",600,0.4,"weibull_cox","Clip-IPCW",100,0.91597,0.002474402488838,0.919,0.77,0.00427000000000001,0.02451,0.480587979521493,0.884798452619903,0.0240159879406964,0.02474402488838,2.23142740330477,133.677337770003,0.102231831138411
"A","C3",600,0.4,"weibull_cox","Clip-IPCW",100,0.916505,0.00230739363872756,0.91625,0.74,0.00347500000000001,0.023455,0.252687395455516,0.900557990879709,0.0244536254567661,0.0230739363872756,2.11110251199992,134.253205495267,0.102460527836348
"B","C3",600,0.4,"weibull_cox","Clip-IPCW",100,0.920265,0.00217866671071177,0.92075,0.84,0.00222,0.024705,0.407526634849638,0.889033818952765,0.0213605413618833,0.0217866671071177,2.15993098489465,132.430528010367,0.102236928691031
"C","C3",600,0.4,"weibull_cox","Clip-IPCW",100,0.916155,0.00271975280182415,0.9205,0.78,0.00561,0.027375,0.465117448681779,0.883844684111572,0.0259026928127076,0.0271975280182415,2.16135314592549,132.236873923331,0.102157709699326
"A","C1",1200,0.4,"weibull_cox","Clip-IPCW",100,0.92165,0.00166370190851728,0.92475,0.89,0.000760000000000004,0.02317,0.244378677084376,0.90723775264999,0.0167886445509632,0.0166370190851728,2.15247066549788,268.800583158529,0.101113086874001
"B","C1",1200,0.4,"weibull_cox","Clip-IPCW",100,0.921065,0.00160996980648016,0.9205,0.92,0.000935000000000004,0.022935,0.416446842890095,0.896337741815988,0.0146321908852027,0.0160996980648016,2.19126185193145,266.056397038352,0.101331874254741
"C","C1",1200,0.4,"weibull_cox","Clip-IPCW",100,0.920045,0.00167087491446786,0.9205,0.86,0.000760000000000005,0.021565,0.471095362247328,0.8868612713188,0.017214041719574,0.0167087491446786,2.18506372027648,269.014937994975,0.101064339845035
"A","C2",1200,0.4,"weibull_cox","Clip-IPCW",100,0.919215,0.00171579493900853,0.91975,0.86,0.00131000000000001,0.021835,0.247274003445741,0.90456535026684,0.017389187398606,0.0171579493900853,2.28849385201098,267.423301762284,0.101396796589786
"B","C2",1200,0.4,"weibull_cox","Clip-IPCW",100,0.92278,0.00144229614913796,0.9225,0.95,0.000325000000000002,0.02343,0.416864297736049,0.884213073171636,0.0142076946004123,0.0144229614913796,2.39680189253844,264.301909902325,0.101347220978759
"C","C2",1200,0.4,"weibull_cox","Clip-IPCW",100,0.91646,0.00158785924114733,0.916,0.84,0.001215,0.01889,0.477793609747847,0.8837302125306,0.0168606888436632,0.0158785924114733,2.21735095414161,269.118247172505,0.101324255866387
"A","C3",1200,0.4,"weibull_cox","Clip-IPCW",100,0.922125,0.00171797353903024,0.922,0.9,0.000725000000000003,0.023575,0.243755070792732,0.907806709620247,0.0173368294842412,0.0171797353903024,2.12144055452693,269.135083876102,0.101238438841361
"B","C3",1200,0.4,"weibull_cox","Clip-IPCW",100,0.919005,0.00178038548487328,0.9205,0.86,0.00142,0.021845,0.415392914895853,0.894640829821617,0.0151127078776088,0.0178038548487328,2.20686365668165,265.760053983584,0.101210872234315
"C","C3",1200,0.4,"weibull_cox","Clip-IPCW",100,0.917245,0.00176322556524666,0.91775,0.83,0.00176500000000001,0.020775,0.473706132482171,0.883069544437044,0.0185807003162535,0.0176322556524666,2.14907499363735,268.979823540921,0.10115572239193
"A","C1",300,0.6,"weibull_cox","Clip-IPCW",100,0.929295,0.00347748236312689,0.9325,0.84,0.00483,0.038955,0.222860349024967,0.909144311906801,0.0395350502974285,0.0347748236312689,3.21240736086079,41.7679425290077,0.107753050049756
"B","C1",300,0.6,"weibull_cox","Clip-IPCW",100,0.92856,0.00321548714439314,0.9345,0.84,0.00429000000000001,0.03714,0.383355814872667,0.895364807179721,0.0268335686042763,0.0321548714439314,3.60238296398914,40.4732148952681,0.106993051508399
"C","C1",300,0.6,"weibull_cox","Clip-IPCW",100,0.92729,0.00355016132796039,0.93675,0.81,0.00558500000000001,0.03846,0.413570393704406,0.892741032449756,0.0331709681998149,0.0355016132796039,3.7703420039806,39.5766185853065,0.107227649445828
"A","C2",300,0.6,"weibull_cox","Clip-IPCW",100,0.927495,0.00313932772028559,0.93025,0.81,0.00373500000000001,0.034965,0.220702763242688,0.907360402082484,0.0369103472941361,0.0313932772028559,3.65277417355213,40.6988439683519,0.107845061794399
"B","C2",300,0.6,"weibull_cox","Clip-IPCW",100,0.934245,0.00287782794601566,0.9365,0.89,0.002215,0.038675,0.379387871383856,0.901453096633112,0.0327110088656724,0.0287782794601566,4.23406305421257,38.9226239594997,0.107680202229849
"C","C2",300,0.6,"weibull_cox","Clip-IPCW",100,0.9153,0.00975647415200737,0.9295,0.77,0.01313,0.04156,0.439859131079153,0.878115617025151,0.033034417313958,0.0975647415200737,4.04720617121737,39.81253556232,0.106789748640226
"A","C3",300,0.6,"weibull_cox","Clip-IPCW",100,0.92881,0.00349430835918797,0.93475,0.85,0.00479,0.03839,0.220531245335643,0.909408793945663,0.0404145188432738,0.0349430835918797,3.18038218211918,41.6362352640738,0.107310746282285
"B","C3",300,0.6,"weibull_cox","Clip-IPCW",100,0.927555,0.00298870681639123,0.931,0.81,0.00365,0.034855,0.385742646545404,0.892572230708144,0.026648478645908,0.0298870681639123,3.54919936458529,40.1775049583298,0.106431837033273
"C","C3",300,0.6,"weibull_cox","Clip-IPCW",100,0.92034,0.00383543341683173,0.93025,0.73,0.00829500000000001,0.03693,0.434699674927653,0.881636632728264,0.0327973576171415,0.0383543341683173,3.68965693470504,39.3198506622062,0.107290330523614
"A","C1",600,0.6,"weibull_cox","Clip-IPCW",100,0.92042,0.00964016670713812,0.93375,0.86,0.010875,0.04217,0.222454324278713,0.906527757502988,0.0265640069388348,0.0964016670713812,3.12716516919337,82.2739805229122,0.103681017780938
"B","C1",600,0.6,"weibull_cox","Clip-IPCW",100,0.93103,0.00213823796995601,0.93275,0.92,0.000765000000000003,0.03256,0.376486845943721,0.90353840330035,0.0234163027039546,0.0213823796995601,3.3492991453412,81.1943310088919,0.102900690152668
"C","C1",600,0.6,"weibull_cox","Clip-IPCW",100,0.909605,0.0133732400805686,0.9335,0.82,0.02163,0.052865,0.431828611385952,0.878938979741442,0.0304927545624872,0.133732400805686,3.34576098915313,80.0359353200252,0.103986147715823
"A","C2",600,0.6,"weibull_cox","Clip-IPCW",100,0.914455,0.00954861588943866,0.923,0.8,0.011095,0.036645,0.240012167964605,0.899143978763103,0.0262734262952689,0.0954861588943866,3.4699972370454,81.8800570019676,0.104048286383747
"B","C2",600,0.6,"weibull_cox","Clip-IPCW",100,0.93502,0.00213323768724984,0.9375,0.92,0.000690000000000003,0.0364,0.386374606100099,0.901334456200693,0.0242584984587824,0.0213323768724984,3.81594876135097,80.3105226148554,0.103933269292278
"C","C2",600,0.6,"weibull_cox","Clip-IPCW",99,0.922338383838384,0.00277604816750446,0.9285,0.757575757575758,0.00381818181818183,0.0299747474747475,0.452760864766469,0.88928223207929,0.0276231524043299,0.027621330514698,3.5790876608207,81.6406502118326,0.103599331485791
"A","C3",600,0.6,"weibull_cox","Clip-IPCW",100,0.93118,0.00225383533945445,0.93275,0.9,0.001225,0.03363,0.219018869816368,0.916725134323299,0.0250058578995588,0.0225383533945445,3.05270756161142,82.6533023298932,0.103636778054486
"B","C3",600,0.6,"weibull_cox","Clip-IPCW",100,0.92957,0.00225726682856802,0.932,0.9,0.001415,0.0324,0.376437083051351,0.901183873708292,0.0237835356004225,0.0225726682856802,3.33432792410441,80.4926046083533,0.103397504903597
"C","C3",600,0.6,"weibull_cox","Clip-IPCW",100,0.924465,0.0027608212710911,0.92775,0.82,0.0039,0.032265,0.442835297040665,0.891622899426134,0.0273907379464761,0.027608212710911,3.35049030556194,79.4945028605026,0.104073355902099
"A","C1",1200,0.6,"weibull_cox","Clip-IPCW",100,0.934325,0.00176790086963282,0.93575,0.95,0.000430000000000002,0.035185,0.215461931543678,0.919422362530297,0.0171446607997765,0.0176790086963282,3.10500058508671,164.26628147633,0.101675050022542
"B","C1",1200,0.6,"weibull_cox","Clip-IPCW",100,0.932255,0.00173728417742502,0.9325,0.95,0.000440000000000003,0.033135,0.382881380861943,0.910843649894532,0.0152457975663572,0.0173728417742502,3.30272069884903,163.618366045889,0.102124480417169
"C","C1",1200,0.6,"weibull_cox","Clip-IPCW",100,0.93006,0.00170584674907013,0.928,0.97,0.000155000000000001,0.03037,0.440279334856744,0.89990651540147,0.0186904610251683,0.0170584674907013,3.26552105274679,163.409333295926,0.101972440550609
"A","C2",1200,0.6,"weibull_cox","Clip-IPCW",100,0.921145,0.00942144634664053,0.93075,0.95,0.00935,0.039845,0.228048966816168,0.905992995612342,0.0173798908529543,0.0942144634664053,3.48790063395855,163.23864406895,0.101664963378234
"B","C2",1200,0.6,"weibull_cox","Clip-IPCW",100,0.936085,0.00150837820124125,0.938,0.98,1.00000000000011e-05,0.036105,0.37901233829572,0.90277436521229,0.0153409072203516,0.0150837820124125,3.77460949278972,160.828640849546,0.102147570079968
"C","C2",1200,0.6,"weibull_cox","Clip-IPCW",100,0.91513,0.00942152762710394,0.92525,0.89,0.009975,0.03508,0.45433407087043,0.884008402105241,0.0210959807555943,0.0942152762710394,3.63143580352157,163.435220761815,0.101775335775168
"A","C3",1200,0.6,"weibull_cox","Clip-IPCW",100,0.91736,0.013174656340754,0.93825,0.95,0.01817,0.0537,0.211578186576172,0.902998172739072,0.0174031229056364,0.13174656340754,3.04884365459589,164.463179518208,0.101520415163463
"B","C3",1200,0.6,"weibull_cox","Clip-IPCW",100,0.93022,0.0018388391155643,0.93175,0.92,0.000810000000000003,0.03184,0.389349239072193,0.907931979006934,0.0148650495111754,0.018388391155643,3.33684857228611,161.816714153381,0.102066426378923
"C","C3",1200,0.6,"weibull_cox","Clip-IPCW",100,0.92706,0.00181662190659343,0.92725,0.93,0.000320000000000003,0.0277,0.44748411027697,0.895545710463837,0.0186609839834968,0.0181662190659343,3.28175697451285,162.257811537918,0.101787465442875
"A","C1",300,0.8,"weibull_cox","Clip-IPCW",100,0.94077,0.00454487401343313,0.95025,0.9,0.005915,0.0526,0.180187017982014,0.919542046021672,0.0485132492576549,0.0454487401343313,5.2726853973869,18.266360354416,0.114562891106553
"B","C1",300,0.8,"weibull_cox","Clip-IPCW",100,0.94287,0.0039680072855505,0.9505,0.91,0.004465,0.0518,0.318602764328498,0.90655384869496,0.030715376335548,0.039680072855505,6.33174935302717,17.7317924554695,0.116462951342662
"C","C1",300,0.8,"weibull_cox","Clip-IPCW",100,0.92808,0.00603944826565601,0.95,0.77,0.015465,0.05901,0.360741492494457,0.873886883150458,0.0450494677599475,0.0603944826565601,5.89873536539045,17.5049342676785,0.115922687872438
"A","C2",300,0.8,"weibull_cox","Clip-IPCW",100,0.931025,0.00451209023993684,0.94375,0.82,0.00799,0.047005,0.188334099677647,0.906489253932316,0.0443999271998675,0.0451209023993684,7.02831768636385,17.4361201344541,0.114907865649896
"B","C2",300,0.8,"weibull_cox","Clip-IPCW",100,0.942695,0.00411102174008783,0.95425,0.86,0.00505,0.052795,0.296298953330578,0.895886864551989,0.0540669244846822,0.0411102174008783,8.38720479454163,17.3437271188922,0.112817018155905
"C","C2",300,0.8,"weibull_cox","Clip-IPCW",100,0.919065,0.00714209902867172,0.9365,0.73,0.017415,0.053895,0.389647405429244,0.871025175666949,0.0511646184566853,0.0714209902867172,8.85348912813235,16.1843854977581,0.114513115107076
"A","C3",300,0.8,"weibull_cox","Clip-IPCW",100,0.94258,0.00440205255155668,0.95375,0.9,0.00553,0.05364,0.165105810822072,0.922662938373909,0.0485594501824331,0.0440205255155668,5.1193586906298,18.4301615035635,0.113796691700472
"B","C3",300,0.8,"weibull_cox","Clip-IPCW",100,0.94398,0.00440469744658581,0.95525,0.92,0.00531,0.0546,0.315492103885779,0.909053487181735,0.0325015928125613,0.0440469744658581,6.58825086664622,17.4507406695393,0.115574503973188
"C","C3",300,0.8,"weibull_cox","Clip-IPCW",100,0.92514,0.00686692806210324,0.94675,0.76,0.01742,0.05998,0.367516217643388,0.8671552026202,0.0445787239191817,0.0686692806210324,6.20304339998858,17.6311038951167,0.1160057570868
"A","C1",600,0.8,"weibull_cox","Clip-IPCW",100,0.94222,0.00310923453504868,0.946,0.94,0.002935,0.04809,0.189997885200539,0.925164777299111,0.0286567988654023,0.0310923453504868,5.15516510068457,35.9277218911126,0.105986837298426
"B","C1",600,0.8,"weibull_cox","Clip-IPCW",100,0.945285,0.00250794953270313,0.948,0.95,0.00114,0.047565,0.341291654687227,0.920376645142356,0.023785871368686,0.0250794953270313,5.90573354251019,36.0528273248811,0.107651416054082
"C","C1",600,0.8,"weibull_cox","Clip-IPCW",100,0.93824,0.00339157065607537,0.9445,0.88,0.00323,0.0447,0.394788944590184,0.906126768104387,0.0292643817704055,0.0339157065607537,5.64114749625876,35.5070136034635,0.107015360446529
"A","C2",600,0.8,"weibull_cox","Clip-IPCW",100,0.940605,0.00293524640612104,0.94425,0.93,0.001945,0.044495,0.192177496325529,0.922866502109995,0.0269190706309925,0.0293524640612104,6.58761446588958,35.5064996904729,0.107708471816347
"B","C2",600,0.8,"weibull_cox","Clip-IPCW",100,0.94918,0.002535420989887,0.95175,0.98,0.00124,0.05166,0.329119675842909,0.912099712105991,0.0346554469023269,0.02535420989887,7.24570464148101,34.9603459958983,0.108005825617477
"C","C2",600,0.8,"weibull_cox","Clip-IPCW",100,0.929335,0.00364796923581526,0.93475,0.75,0.00515500000000001,0.039645,0.417952312862281,0.892708231843314,0.0349724278120737,0.0364796923581526,7.04412076790082,34.8439739001629,0.108186967464513
"A","C3",600,0.8,"weibull_cox","Clip-IPCW",100,0.94451,0.00288893727620705,0.9475,0.96,0.00182,0.04815,0.184203054876395,0.927305630800515,0.0277832519858474,0.0288893727620705,5.00499122298722,36.2085473475684,0.106925290006254
"B","C3",600,0.8,"weibull_cox","Clip-IPCW",100,0.94809,0.002711101196372,0.94825,0.96,0.001245,0.05058,0.33653413635164,0.924231225569733,0.0258245830732868,0.02711101196372,5.85754661149361,35.4647963170024,0.107741262378262
"C","C3",600,0.8,"weibull_cox","Clip-IPCW",100,0.927695,0.00976089884242846,0.9435,0.84,0.012425,0.052545,0.401142895964109,0.892925393909935,0.0280324487303229,0.0976089884242846,5.69461311418798,35.069295042589,0.106926403837494
"A","C1",1200,0.8,"weibull_cox","Clip-IPCW",100,0.951785,0.00187709821993222,0.95475,0.98,4.50000000000006e-05,0.051875,0.174002697861188,0.937556393012425,0.0169622277934584,0.0187709821993222,4.83169585227273,73.5367070610589,0.103310836160122
"B","C1",1200,0.8,"weibull_cox","Clip-IPCW",100,0.950365,0.00161501563616285,0.9515,0.99,0.00015,0.050665,0.334006716066544,0.931902342666441,0.0143773109692693,0.0161501563616285,5.67734247176281,72.2879092296866,0.103460114698044
"C","C1",1200,0.8,"weibull_cox","Clip-IPCW",100,0.945185,0.00205407521770747,0.94975,0.97,0.000235000000000001,0.045655,0.387120845221394,0.917906056212162,0.0171552624667485,0.0205407521770747,5.36461058084264,70.3371190175803,0.103487924039094
"A","C2",1200,0.8,"weibull_cox","Clip-IPCW",100,0.946135,0.00191078617010873,0.94975,0.98,8.00000000000012e-05,0.046295,0.19228580316893,0.931443339811155,0.0193894170863772,0.0191078617010873,6.37176333506036,70.5006659198636,0.1034581299668
"B","C2",1200,0.8,"weibull_cox","Clip-IPCW",100,0.952885,0.00140647591339116,0.95325,1,0,0.052885,0.33550625178416,0.921980771860072,0.0205113912672245,0.0140647591339116,7.39880661478002,69.4550520301501,0.104279260834171
"C","C2",1200,0.8,"weibull_cox","Clip-IPCW",100,0.934675,0.00233081438709107,0.937,0.9,0.001075,0.036825,0.424866626288465,0.905411978061423,0.0212289111041209,0.0233081438709107,7.10942976202838,68.2596180157725,0.103740191925352
"A","C3",1200,0.8,"weibull_cox","Clip-IPCW",100,0.954075,0.00172368197340883,0.95725,1,0,0.054075,0.166370397179261,0.94108639762054,0.0166290484551959,0.0172368197340883,4.67102686255472,73.6345848314614,0.103706115558498
"B","C3",1200,0.8,"weibull_cox","Clip-IPCW",100,0.95144,0.00159187139727258,0.95475,0.99,0.000145000000000001,0.05173,0.329235320232948,0.933357268278258,0.014389600621998,0.0159187139727258,5.49415666839283,71.5002663710532,0.103648877958428
"C","C3",1200,0.8,"weibull_cox","Clip-IPCW",100,0.94149,0.00203046220542929,0.94375,0.98,0.000155000000000001,0.0418,0.399272360644976,0.912906564782591,0.0180448375336594,0.0203046220542929,5.46413985640387,69.0583964444615,0.103400279797361
"A","C1",300,0.4,"weibull_cox","H-AIPCW",100,0.928635,0.0041305089018036,0.9295,0.78,0.00568000000000001,0.039995,0.22721797996651,0.912284450001088,0.0433282048247251,0.041305089018036,58.6257743062528,43.4267361660049,NA
"B","C1",300,0.4,"weibull_cox","H-AIPCW",100,0.91635,0.00688364149284521,0.917,0.67,0.015225,0.0468,0.416101018421488,0.885900717745318,0.0669436669555421,0.0688364149284521,21.1202911462085,44.5219663491512,NA
"C","C1",300,0.4,"weibull_cox","H-AIPCW",100,0.919205,0.00445823545630313,0.918,0.71,0.00905500000000001,0.037315,0.467834202094939,0.88533739565993,0.0508811250749125,0.0445823545630313,19.058150785577,43.4203895862266,NA
"A","C2",300,0.4,"weibull_cox","H-AIPCW",100,0.917695,0.00432199504414526,0.92,0.71,0.010305,0.038305,0.248707746139852,0.898353418100451,0.0471810396775072,0.0432199504414526,145104.698718705,45.3443777260216,NA
"B","C2",300,0.4,"weibull_cox","H-AIPCW",100,0.9234,0.00372570242851715,0.921,0.73,0.00528500000000001,0.03397,0.410819254538976,0.887972548600098,0.0404863114415405,0.0372570242851715,15.6044217329833,47.037362316905,NA
"C","C2",300,0.4,"weibull_cox","H-AIPCW",100,0.917335,0.00454002989688906,0.91625,0.71,0.00934000000000001,0.036015,0.472824729620408,0.8839410510772,0.0496553780134294,0.0454002989688906,109.152881943984,50.4765938750117,NA
"A","C3",300,0.4,"weibull_cox","H-AIPCW",100,0.924065,0.00672806069811917,0.9315,0.81,0.0134,0.050865,0.226996779139947,0.906862013500257,0.0683019883763395,0.0672806069811917,25.1782110531012,41.9336856825605,NA
"B","C3",300,0.4,"weibull_cox","H-AIPCW",100,0.900945,0.010487758364162,0.918,0.6,0.02939,0.059725,0.406391663313832,0.866248080001204,0.0830175836309344,0.10487758364162,130.70427137501,41.738979320348,NA
"C","C3",300,0.4,"weibull_cox","H-AIPCW",100,0.919405,0.00570794101726408,0.922,0.73,0.01347,0.046345,0.45014048345692,0.885481360421623,0.0569958353963274,0.0570794101726408,23.6556223933883,42.506143184969,NA
"A","C1",600,0.4,"weibull_cox","H-AIPCW",100,0.89454,0.00361213359261657,0.896,0.44,0.015935,0.02641,0.288701295794091,0.876354931704232,0.0368776300209164,0.0361213359261657,19.3935460026907,80.96585974494,NA
"B","C1",600,0.4,"weibull_cox","H-AIPCW",100,0.89535,0.00800227713803636,0.90875,0.59,0.022465,0.04028,0.439101780058621,0.860763230751032,0.0640189365924196,0.0800227713803636,131.917239362046,83.363317182927,NA
"C","C1",600,0.4,"weibull_cox","H-AIPCW",100,0.906225,0.00618666036033508,0.90975,0.62,0.014605,0.035435,0.501791647354372,0.873918092658551,0.0572391756782296,0.0618666036033508,11505.2670011429,76.6773625194708,NA
"A","C2",600,0.4,"weibull_cox","H-AIPCW",100,0.903815,0.00571242954115202,0.90275,0.57,0.015805,0.035425,0.281591009258013,0.886785578892855,0.0546522523494566,0.0571242954115202,137.087686711709,76.4170748065865,NA
"B","C2",600,0.4,"weibull_cox","H-AIPCW",100,0.915825,0.00299045092204699,0.917,0.68,0.00521500000000001,0.026255,0.431006839003272,0.875216771513716,0.0319564097046605,0.0299045092204699,19.0280194362338,90.0097569590019,NA
"C","C2",600,0.4,"weibull_cox","H-AIPCW",100,0.90858,0.00413571363524208,0.907,0.63,0.010195,0.02897,0.500455564195985,0.877202998664092,0.0419488625675008,0.0413571363524208,20.6670422288239,94.7954551105111,NA
"A","C3",600,0.4,"weibull_cox","H-AIPCW",100,0.895275,0.00627757905066704,0.90075,0.51,0.021655,0.038585,0.281260217241699,0.878106561662351,0.0656802016507934,0.0627757905066704,39.0028374152752,72.3171315329947,NA
"B","C3",600,0.4,"weibull_cox","H-AIPCW",100,0.90258,0.00734959189411909,0.908,0.6,0.019555,0.04169,0.436898696064079,0.868743419200197,0.0652674373929173,0.0734959189411909,1321.8980841919,75.1435392522524,NA
"C","C3",600,0.4,"weibull_cox","H-AIPCW",100,0.90722,0.00417282163578081,0.90525,0.61,0.01202,0.03126,0.505747679614991,0.872940009404461,0.0450071823673341,0.0417282163578081,76.7983391759618,73.1555270989499,NA
"A","C1",1200,0.4,"weibull_cox","H-AIPCW",100,0.8996,0.00386389006891325,0.90275,0.52,0.01238,0.02436,0.282578809410641,0.883794745897836,0.0405113776261894,0.0386389006891325,35.2820778604386,146.042993413113,NA
"B","C1",1200,0.4,"weibull_cox","H-AIPCW",100,0.88995,0.00842711622554168,0.901,0.54,0.022335,0.03462,0.454508422937073,0.861934923317673,0.0666503010215455,0.0842711622554168,54.1686044673061,162.067048265176,NA
"C","C1",1200,0.4,"weibull_cox","H-AIPCW",100,0.90458,0.00346192653785943,0.904,0.54,0.010735,0.02605,0.510827777942854,0.869405065044427,0.0366523387984169,0.0346192653785943,97.5361308535202,145.030419580383,NA
"A","C2",1200,0.4,"weibull_cox","H-AIPCW",100,0.89524,0.00764802238913083,0.9065,0.59,0.02232,0.03988,0.273259490915836,0.8792642199687,0.0765980588935687,0.0764802238913083,116.347629578874,146.215674805173,NA
"B","C2",1200,0.4,"weibull_cox","H-AIPCW",100,0.90671,0.00323745582240441,0.909,0.71,0.00707000000000001,0.02085,0.445402313249516,0.86323501557584,0.0307114297809776,0.0323745582240441,39.7858374341957,160.785706709968,NA
"C","C2",1200,0.4,"weibull_cox","H-AIPCW",100,0.916845,0.00650365357691235,0.91225,0.7,0.0112,0.039245,0.491705577808324,0.888312232404237,0.0646282297514645,0.0650365357691235,3457.98172950222,168.57587534143,NA
"A","C3",1200,0.4,"weibull_cox","H-AIPCW",100,0.90594,0.00344895885329431,0.90825,0.58,0.00947500000000002,0.02489,0.27355619508687,0.890678008125252,0.0332439711250268,0.0344895885329431,123.259995517326,132.196586533541,NA
"B","C3",1200,0.4,"weibull_cox","H-AIPCW",100,0.889515,0.00738890943074535,0.8945,0.42,0.021935,0.033385,0.466446010049234,0.861316669252448,0.0563067895147161,0.0738890943074535,50.4140963281875,143.350155085269,NA
"C","C3",1200,0.4,"weibull_cox","H-AIPCW",100,0.890115,0.00729477416034966,0.89975,0.5,0.022665,0.035445,0.519256519972806,0.852236561717935,0.063759015999403,0.0729477416034966,251.661285297084,130.822844212486,NA
"A","C1",300,0.6,"weibull_cox","H-AIPCW",100,0.914775,0.00709719454816799,0.93025,0.73,0.019285,0.053345,0.231419169446938,0.891635719960621,0.0750907868025516,0.0709719454816799,47.1915179310418,24.745496194825,NA
"B","C1",300,0.6,"weibull_cox","H-AIPCW",100,0.914935,0.00688987566042825,0.91775,0.65,0.01623,0.047395,0.416425215697704,0.881591195731584,0.0622880243690389,0.0688987566042825,5621.08510620031,23.0016694376407,NA
"C","C1",300,0.6,"weibull_cox","H-AIPCW",100,0.91431,0.00738503393781141,0.93025,0.64,0.02328,0.06087,0.432517960378803,0.882276860408634,0.0656906585920908,0.0738503393781141,48.8606336777615,23.0817081224167,NA
"A","C2",300,0.6,"weibull_cox","H-AIPCW",100,0.90909,0.00745360525605772,0.9165,0.65,0.02079,0.05067,0.253309275410751,0.885691730779613,0.0756186605156546,0.0745360525605772,96.4086629808635,26.0537969492303,NA
"B","C2",300,0.6,"weibull_cox","H-AIPCW",100,0.92405,0.00637099448336527,0.92725,0.74,0.012335,0.04872,0.399346576499011,0.890295802782276,0.0659637947833675,0.0637099448336527,124.041855522237,21.4770840964041,NA
"C","C2",300,0.6,"weibull_cox","H-AIPCW",100,0.909045,0.0113492759858962,0.92175,0.7,0.02445,0.057945,0.455921659332194,0.872204428683893,0.0602204703610413,0.113492759858962,102.625991945863,25.6830713411906,NA
"A","C3",300,0.6,"weibull_cox","H-AIPCW",100,0.91972,0.00681910684634126,0.92775,0.72,0.015585,0.05089,0.238599298500371,0.8988019326011,0.0696463650280197,0.0681910684634126,21.9510908107417,23.4947080284875,NA
"B","C3",300,0.6,"weibull_cox","H-AIPCW",100,0.917775,0.0057080015386873,0.91925,0.68,0.01409,0.045955,0.414895665282146,0.88543076244869,0.0541955866852792,0.057080015386873,35982.6166766418,21.8028634207123,NA
"C","C3",300,0.6,"weibull_cox","H-AIPCW",100,0.90969,0.00857618201648018,0.91475,0.61,0.027255,0.0642,0.467009847431332,0.875278221358957,0.072644909169761,0.0857618201648018,59.8388342469311,22.0851256836839,NA
"A","C1",600,0.6,"weibull_cox","H-AIPCW",100,0.893995,0.0106798604363257,0.90025,0.51,0.02618,0.046355,0.280638109941597,0.875524570167965,0.0540179543664826,0.106798604363257,90.932914647291,39.564199953014,NA
"B","C1",600,0.6,"weibull_cox","H-AIPCW",100,0.88345,0.0112479706362678,0.909,0.54,0.037515,0.05848,0.435058016645614,0.848884000881181,0.0927402694397508,0.112479706362678,43.3637582052301,43.5802720900685,NA
"C","C1",600,0.6,"weibull_cox","H-AIPCW",100,0.878075,0.015363266854232,0.90275,0.59,0.044685,0.067445,0.50899545880027,0.844774147431062,0.0772703505279164,0.15363266854232,35.3397109442926,44.7490334684439,NA
"A","C2",600,0.6,"weibull_cox","H-AIPCW",100,0.89731,0.0113159286589365,0.89875,0.49,0.027625,0.05256,0.279481212771988,0.879715547541027,0.0659350767303288,0.113159286589365,83305.413325527,42.9773770472418,NA
"B","C2",600,0.6,"weibull_cox","H-AIPCW",100,0.925625,0.00478384473562275,0.927,0.82,0.006215,0.038055,0.410228172909146,0.89191568387967,0.0541135170477093,0.0478384473562275,132.946735237234,42.4525880694688,NA
"C","C2",600,0.6,"weibull_cox","H-AIPCW",99,0.897439393939394,0.00765295240516576,0.908,0.595959595959596,0.0247474747474748,0.0469343434343434,0.500194569875064,0.861562178436577,0.0677904662163716,0.0761459149991483,57.3452443037942,50.4279332096794,NA
"A","C3",600,0.6,"weibull_cox","H-AIPCW",100,0.896295,0.00808325396712052,0.90325,0.54,0.025435,0.047165,0.268969269231227,0.877706299412003,0.0807575245892157,0.0808325396712053,138.985936502413,37.0573082544331,NA
"B","C3",600,0.6,"weibull_cox","H-AIPCW",100,0.869425,0.0129573920538966,0.89875,0.49,0.052545,0.074515,0.448709737563239,0.83374291067267,0.105247375744054,0.129573920538966,500.545935978055,37.4856620146634,NA
"C","C3",600,0.6,"weibull_cox","H-AIPCW",100,0.894465,0.0110143828261235,0.911,0.62,0.0359,0.066265,0.490478772704787,0.861945652719491,0.0950259932541586,0.110143828261235,1790.99477135287,37.5146271122927,NA
"A","C1",1200,0.6,"weibull_cox","H-AIPCW",100,0.887075,0.00666165104887442,0.8975,0.48,0.02658,0.040235,0.287021009588197,0.867116249797989,0.063077633744362,0.0666165104887442,179.070659971793,67.374056143812,NA
"B","C1",1200,0.6,"weibull_cox","H-AIPCW",100,0.877785,0.0101931876017686,0.8945,0.42,0.03771,0.053205,0.470827475547029,0.851357242632936,0.0829980527944889,0.101931876017686,56.2676968962091,71.1182257914524,NA
"C","C1",1200,0.6,"weibull_cox","H-AIPCW",100,0.89873,0.00511542734966464,0.90175,0.51,0.018495,0.03572,0.523040034380064,0.864244880696248,0.0498761091368028,0.0511542734966464,62.3282816744436,75.0353976015004,NA
"A","C2",1200,0.6,"weibull_cox","H-AIPCW",100,0.875295,0.0128683232074625,0.90325,0.52,0.04339,0.062075,0.279976930847534,0.856974999807156,0.0935397608971012,0.128683232074625,563.864629700161,78.1849137346827,NA
"B","C2",1200,0.6,"weibull_cox","H-AIPCW",100,0.916725,0.00572599237131553,0.918,0.76,0.01083,0.038385,0.430338651174207,0.879611521314923,0.0615473046288033,0.0572599237131553,348.698431350775,68.8300540071117,NA
"C","C2",1200,0.6,"weibull_cox","H-AIPCW",100,0.87582,0.0134571852310739,0.897,0.48,0.046235,0.06829,0.526774292672048,0.840970005152212,0.0941552554094147,0.134571852310739,270.528226752903,89.2302482912294,NA
"A","C3",1200,0.6,"weibull_cox","H-AIPCW",100,0.8724,0.0141612396021926,0.89675,0.47,0.045155,0.06271,0.294003435842387,0.853818626910386,0.0675295670372795,0.141612396021926,1766.70629235583,58.9993535800803,NA
"B","C3",1200,0.6,"weibull_cox","H-AIPCW",100,0.874415,0.0118734213304721,0.893,0.42,0.04352,0.061455,0.460924322196744,0.846822898049598,0.0986762894570428,0.118734213304721,102.258472382666,52.9145064229801,NA
"C","C3",1200,0.6,"weibull_cox","H-AIPCW",100,0.894175,0.00795938990289222,0.8985,0.48,0.028875,0.051925,0.51848102026865,0.85944313035979,0.0747555612606443,0.0795938990289222,30695.5456648239,63.6126765702466,NA
"A","C1",300,0.8,"weibull_cox","H-AIPCW",100,0.921455,0.00668994079407904,0.93375,0.71,0.017425,0.056305,0.216283885691501,0.895575707659499,0.0678125759320899,0.0668994079407904,62.6723990582142,11.7347720430205,NA
"B","C1",300,0.8,"weibull_cox","H-AIPCW",100,0.889,0.0114869667031991,0.919,0.64,0.04524,0.07948,0.405215174955799,0.842088965942922,0.109775298503881,0.114869667031991,277.602342212781,11.0623963953304,NA
"C","C1",300,0.8,"weibull_cox","H-AIPCW",100,0.8845,0.012553602243696,0.925,0.61,0.051655,0.08781,0.449524884109869,0.822020404041104,0.091005827319247,0.12553602243696,2106.15962246518,10.8363781071846,NA
"A","C2",300,0.8,"weibull_cox","H-AIPCW",100,0.91795,0.00618596284854964,0.91925,0.68,0.01569,0.04933,0.237693067947462,0.890678007006769,0.0597275802153732,0.0618596284854964,673.742698806005,11.2375757116076,NA
"B","C2",300,0.8,"weibull_cox","H-AIPCW",100,0.9373,0.00610052986604153,0.95225,0.81,0.01103,0.05936,0.282835292173414,0.888566743192283,0.0885611128378066,0.0610052986604153,1344.86678767359,10.4482551339859,NA
"C","C2",300,0.8,"weibull_cox","H-AIPCW",100,0.89919,0.00960828709021961,0.91275,0.59,0.035225,0.06964,0.444924653871738,0.846204759911522,0.0796763655817911,0.0960828709021961,111.083406308789,9.72015584008676,NA
"A","C3",300,0.8,"weibull_cox","H-AIPCW",100,0.917005,0.00705724963953717,0.9395,0.65,0.022605,0.062215,0.196199114185097,0.890098427808671,0.072520216617036,0.0705724963953717,130.860790159154,11.4306049758511,NA
"B","C3",300,0.8,"weibull_cox","H-AIPCW",100,0.88039,0.0137679388582329,0.92275,0.65,0.056595,0.09358,0.38819134487876,0.832331916688821,0.134426541090273,0.137679388582329,89.484309875218,10.4097774678643,NA
"C","C3",300,0.8,"weibull_cox","H-AIPCW",100,0.889995,0.0116855377572779,0.9315,0.61,0.04743,0.084855,0.425086296220349,0.82365440789176,0.0719668835175758,0.116855377572779,35.0772165206933,10.4369196302936,NA
"A","C1",600,0.8,"weibull_cox","H-AIPCW",100,0.90428,0.00776225105327967,0.91025,0.62,0.02523,0.05474,0.249401627855958,0.879312741388108,0.0808771983449057,0.0776225105327967,58.9890983650988,18.0096658770624,NA
"B","C1",600,0.8,"weibull_cox","H-AIPCW",100,0.892425,0.00909421331996841,0.91775,0.61,0.034875,0.062175,0.419373516976563,0.85525508926637,0.0867074496117941,0.0909421331996841,279.790136622617,18.9627547450406,NA
"C","C1",600,0.8,"weibull_cox","H-AIPCW",100,0.89656,0.00736640024199422,0.90575,0.54,0.027875,0.05231,0.49100693753472,0.854323369520448,0.0578290759065197,0.0736640024199422,145.254607841674,18.7629412873104,NA
"A","C2",600,0.8,"weibull_cox","H-AIPCW",100,0.90141,0.00700383149108797,0.90825,0.57,0.0253,0.05201,0.264539656823892,0.876152960171649,0.0690614570399789,0.0700383149108797,63.2447320370918,20.3248475806949,NA
"B","C2",600,0.8,"weibull_cox","H-AIPCW",100,0.91659,0.00598450600477701,0.931,0.69,0.015625,0.04784,0.379297290552851,0.868067365064985,0.0848182251236803,0.0598450600477701,146.424054117011,17.8417099207436,NA
"C","C2",600,0.8,"weibull_cox","H-AIPCW",100,0.879035,0.00958291370622788,0.889,0.43,0.042395,0.063825,0.542284170272415,0.831990001413484,0.0889032501025012,0.0958291370622788,310.775315961076,20.5636557571838,NA
"A","C3",600,0.8,"weibull_cox","H-AIPCW",100,0.88664,0.0107816625093093,0.916,0.61,0.041735,0.07011,0.249896667267905,0.85768682637557,0.0998546418297592,0.107816625093093,138.968386839073,16.408682151087,NA
"B","C3",600,0.8,"weibull_cox","H-AIPCW",100,0.873185,0.0131331557729114,0.91675,0.61,0.057755,0.088695,0.411114888862419,0.835645073718306,0.121651057529229,0.131331557729114,688.266020946579,16.5667365741452,NA
"C","C3",600,0.8,"weibull_cox","H-AIPCW",100,0.888565,0.012171679446796,0.91325,0.59,0.042305,0.073175,0.480742170257722,0.847293832656262,0.0721320338201433,0.12171679446796,921.574255687749,17.3662481023154,NA
"A","C1",1200,0.8,"weibull_cox","H-AIPCW",100,0.894835,0.00609167777638584,0.9005,0.51,0.02556,0.045955,0.285233889376853,0.872085732267735,0.05924602019622,0.0609167777638584,358.659350613051,28.1568547885706,NA
"B","C1",1200,0.8,"weibull_cox","H-AIPCW",100,0.85454,0.0117002496735857,0.894,0.45,0.059875,0.07429,0.453399775270236,0.821920373290804,0.108909377581788,0.117002496735857,157.906945273306,29.613758669507,NA
"C","C1",1200,0.8,"weibull_cox","H-AIPCW",100,0.88952,0.00771817322815431,0.898,0.49,0.029745,0.04901,0.51849660866756,0.852377707406033,0.0683452317800643,0.0771817322815431,66.0958851408762,29.2733519396687,NA
"A","C2",1200,0.8,"weibull_cox","H-AIPCW",100,0.889905,0.00810661188864567,0.9035,0.53,0.031535,0.052975,0.284629483959356,0.869157226528197,0.0796636870242837,0.0810661188864567,183.655417727743,29.9400017505144,NA
"B","C2",1200,0.8,"weibull_cox","H-AIPCW",100,0.91381,0.00747789935662943,0.9235,0.71,0.019615,0.05304,0.405958687868562,0.868547269244534,0.0973385220700822,0.0747789935662943,4316.30462120963,26.9105784321252,NA
"C","C2",1200,0.8,"weibull_cox","H-AIPCW",100,0.879485,0.0084218344621033,0.891,0.43,0.0383,0.056085,0.538189187039974,0.841988528354169,0.0754780053587089,0.084218344621033,88.0761559576941,36.6541676841766,NA
"A","C3",1200,0.8,"weibull_cox","H-AIPCW",100,0.89101,0.0080567274730971,0.89875,0.5,0.034455,0.05992,0.287908236850629,0.867914472356463,0.0816651824231234,0.080567274730971,576.765139520895,25.2254419300786,NA
"B","C3",1200,0.8,"weibull_cox","H-AIPCW",100,0.84924,0.0131726961261666,0.88625,0.43,0.07024,0.08972,0.472750969755861,0.816480301857107,0.121624359601541,0.131726961261665,806.813886834498,24.0733244123114,NA
"C","C3",1200,0.8,"weibull_cox","H-AIPCW",100,0.873635,0.00866859784719326,0.882,0.39,0.0453,0.064235,0.556493835742737,0.83560509094299,0.0763574793092638,0.0866859784719326,127.902940009565,24.9746096854662,NA
"A","C1",300,0.4,"weibull_cox","H-IPCW",100,0.89455,0.00832665944876801,0.91275,0.65,0.02598,0.04651,0.264797928524341,0.873158731166595,0.0824422050391495,0.0832665944876801,58.6257743062528,43.4267361660049,NA
"B","C1",300,0.4,"weibull_cox","H-IPCW",100,0.89848,0.00478163532315424,0.906,0.59,0.0176,0.03368,0.441874869595494,0.859585563496174,0.0358406969178273,0.0478163532315424,21.1202911462085,44.5219663491512,NA
"C","C1",300,0.4,"weibull_cox","H-IPCW",100,0.897135,0.00539206700775886,0.90625,0.61,0.019,0.035135,0.489202128711463,0.85762391960912,0.0500908265962033,0.0539206700775886,19.058150785577,43.4203895862266,NA
"A","C2",300,0.4,"weibull_cox","H-IPCW",100,0.89515,0.00714820207669683,0.9085,0.62,0.02386,0.04287,0.268376334706174,0.871943430503053,0.0740195851778365,0.0714820207669683,145104.698718705,45.3443777260216,NA
"B","C2",300,0.4,"weibull_cox","H-IPCW",100,0.907835,0.00348055242770745,0.90925,0.63,0.00979500000000001,0.027425,0.438268057529176,0.86713227285343,0.0336017976912071,0.0348055242770745,15.6044217329833,47.037362316905,NA
"C","C2",300,0.4,"weibull_cox","H-IPCW",100,0.901325,0.00492526661843055,0.90825,0.6,0.015415,0.032155,0.479677892143779,0.863724553684942,0.0451837997248545,0.0492526661843055,109.152881943984,50.4765938750117,NA
"A","C3",300,0.4,"weibull_cox","H-IPCW",100,0.895795,0.00699676727301454,0.91275,0.65,0.024795,0.045385,0.254832490984275,0.873474596853164,0.0719828122021171,0.0699676727301454,25.1782110531012,41.9336856825605,NA
"B","C3",300,0.4,"weibull_cox","H-IPCW",100,0.876385,0.010558200544476,0.89825,0.46,0.03926,0.054905,0.455366390239319,0.833775755523616,0.0760708733864531,0.10558200544476,130.70427137501,41.738979320348,NA
"C","C3",300,0.4,"weibull_cox","H-IPCW",100,0.900885,0.00604755504065047,0.9145,0.61,0.01869,0.038265,0.474955605946904,0.86224248515759,0.0575840185461139,0.0604755504065047,23.6556223933883,42.506143184969,NA
"A","C1",600,0.4,"weibull_cox","H-IPCW",100,0.90032,0.00329104631668803,0.904,0.57,0.011365,0.02305,0.274422311017387,0.882530934095211,0.0334760580810594,0.0329104631668803,19.3935460026907,80.96585974494,NA
"B","C1",600,0.4,"weibull_cox","H-IPCW",100,0.90176,0.00618961120496973,0.912,0.65,0.015595,0.03295,0.430024108805538,0.867787841442647,0.0467154506917501,0.0618961120496973,131.917239362046,83.363317182927,NA
"C","C1",600,0.4,"weibull_cox","H-IPCW",100,0.89734,0.00572288459439888,0.9075,0.61,0.017255,0.03185,0.500427329528843,0.863110667593401,0.0474394883035752,0.0572288459439888,11505.2670011429,76.6773625194708,NA
"A","C2",600,0.4,"weibull_cox","H-IPCW",100,0.883785,0.00655750882345552,0.89575,0.47,0.025445,0.034675,0.288407854991586,0.863531468454335,0.0632994327132415,0.0655750882345552,137.087686711709,76.4170748065865,NA
"B","C2",600,0.4,"weibull_cox","H-IPCW",100,0.91071,0.00313828734738352,0.91425,0.66,0.00736500000000001,0.02544,0.433134851319321,0.868585258285572,0.0284500270721144,0.0313828734738352,19.0280194362338,90.0097569590019,NA
"C","C2",600,0.4,"weibull_cox","H-IPCW",100,0.90189,0.0034863628988713,0.906,0.63,0.01136,0.02461,0.50506212760869,0.868195638616802,0.0303546378730506,0.034863628988713,20.6670422288239,94.7954551105111,NA
"A","C3",600,0.4,"weibull_cox","H-IPCW",100,0.894065,0.00449968941127938,0.901,0.52,0.016335,0.026735,0.281237508952227,0.876755813424789,0.0483542274587374,0.0449968941127938,39.0028374152752,72.3171315329947,NA
"B","C3",600,0.4,"weibull_cox","H-IPCW",100,0.8958,0.00630557313217859,0.90575,0.58,0.01879,0.03338,0.44068164070135,0.859174202148736,0.0472149608201948,0.0630557313217859,1321.8980841919,75.1435392522524,NA
"C","C3",600,0.4,"weibull_cox","H-IPCW",100,0.893295,0.00596034494544459,0.905,0.6,0.01956,0.032415,0.506015353841666,0.857952839340879,0.050434876501056,0.0596034494544459,76.7983391759618,73.1555270989499,NA
"A","C1",1200,0.4,"weibull_cox","H-IPCW",100,0.905665,0.00321390645429666,0.9065,0.62,0.00783500000000001,0.021335,0.267122882401174,0.890480373252967,0.0308983344325721,0.0321390645429666,35.2820778604386,146.042993413113,NA
"B","C1",1200,0.4,"weibull_cox","H-IPCW",100,0.904125,0.00529145191642505,0.9115,0.71,0.00972500000000001,0.023575,0.436692241551739,0.877336848439133,0.0389799223118049,0.0529145191642506,54.1686044673061,162.067048265176,NA
"C","C1",1200,0.4,"weibull_cox","H-IPCW",100,0.90123,0.00537220878901102,0.90875,0.62,0.01208,0.02539,0.501762205589037,0.865486344129544,0.0433794626266598,0.0537220878901102,97.5361308535202,145.030419580383,NA
"A","C2",1200,0.4,"weibull_cox","H-IPCW",100,0.892305,0.0068239362400363,0.9035,0.57,0.01931,0.030925,0.272137827062236,0.875996465928374,0.0675893721847099,0.068239362400363,116.347629578874,146.215674805173,NA
"B","C2",1200,0.4,"weibull_cox","H-IPCW",100,0.907545,0.00285712908636653,0.911,0.73,0.00578500000000001,0.019115,0.441191737035132,0.863919140151117,0.0261224776463458,0.0285712908636653,39.7858374341957,160.785706709968,NA
"C","C2",1200,0.4,"weibull_cox","H-IPCW",100,0.88646,0.00918380128599297,0.904,0.6,0.02428,0.03502,0.509225691339023,0.849972279685171,0.0743575853901302,0.0918380128599297,3457.98172950222,168.57587534143,NA
"A","C3",1200,0.4,"weibull_cox","H-IPCW",100,0.900875,0.00493107736604274,0.9075,0.65,0.013245,0.027365,0.269706511556834,0.884667957740927,0.0506539058890643,0.0493107736604274,123.259995517326,132.196586533541,NA
"B","C3",1200,0.4,"weibull_cox","H-IPCW",100,0.898965,0.00416335174195896,0.905,0.6,0.01262,0.024205,0.447287354673996,0.871062628197723,0.0291502551230238,0.0416335174195896,50.4140963281875,143.350155085269,NA
"C","C3",1200,0.4,"weibull_cox","H-IPCW",100,0.88285,0.00873179057620295,0.90075,0.51,0.02707,0.03699,0.517552109157404,0.84494130260027,0.0735943014921754,0.0873179057620295,251.661285297084,130.822844212486,NA
"A","C1",300,0.6,"weibull_cox","H-IPCW",100,0.90551,0.00672339868660114,0.91925,0.68,0.019785,0.04508,0.244549032563764,0.880655872293057,0.0737735410125836,0.0672339868660114,47.1915179310418,24.745496194825,NA
"B","C1",300,0.6,"weibull_cox","H-IPCW",100,0.88072,0.0122109660932005,0.915,0.62,0.04067,0.06206,0.422497836402584,0.839056454208564,0.0931350165787891,0.122109660932005,5621.08510620031,23.0016694376407,NA
"C","C1",300,0.6,"weibull_cox","H-IPCW",100,0.883945,0.0111256594288731,0.91775,0.58,0.039045,0.062035,0.463795203666154,0.841974782383103,0.0847336885766103,0.111256594288731,48.8606336777615,23.0817081224167,NA
"A","C2",300,0.6,"weibull_cox","H-IPCW",100,0.900905,0.00734198076581903,0.91625,0.63,0.023065,0.047035,0.246412937774297,0.876365072523033,0.0806664162280109,0.0734198076581903,96.4086629808635,26.0537969492303,NA
"B","C2",300,0.6,"weibull_cox","H-IPCW",100,0.90306,0.00695304337115857,0.91275,0.65,0.02026,0.04358,0.431609917343093,0.861290517796715,0.0729189393585214,0.0695304337115857,124.041855522237,21.4770840964041,NA
"C","C2",300,0.6,"weibull_cox","H-IPCW",100,0.8867,0.0116596494047816,0.905,0.55,0.03195,0.0506,0.4858212027597,0.841593462744331,0.0611568607448225,0.116596494047816,102.625991945863,25.6830713411906,NA
"A","C3",300,0.6,"weibull_cox","H-IPCW",100,0.90676,0.00520988027935888,0.9125,0.62,0.01632,0.0394,0.249858744087177,0.883128122249321,0.0557396545639556,0.0520988027935888,21.9510908107417,23.4947080284875,NA
"B","C3",300,0.6,"weibull_cox","H-IPCW",100,0.87632,0.0117214353414864,0.91025,0.58,0.04231,0.06094,0.430055779565817,0.831680169026462,0.0872286557493487,0.117214353414864,35982.6166766418,21.8028634207123,NA
"C","C3",300,0.6,"weibull_cox","H-IPCW",100,0.87727,0.0100008015335338,0.915,0.57,0.04371,0.06469,0.480235948007056,0.832115141298167,0.0831877516236737,0.100008015335338,59.8388342469311,22.0851256836839,NA
"A","C1",600,0.6,"weibull_cox","H-IPCW",100,0.88996,0.0117279358280935,0.9155,0.64,0.02933,0.04862,0.260502984418895,0.872157497601211,0.0701959019207293,0.117279358280935,90.932914647291,39.564199953014,NA
"B","C1",600,0.6,"weibull_cox","H-IPCW",100,0.908135,0.00469223975185507,0.91525,0.67,0.012305,0.032745,0.413979700085044,0.875580945567604,0.037936150505178,0.0469223975185507,43.3637582052301,43.5802720900685,NA
"C","C1",600,0.6,"weibull_cox","H-IPCW",100,0.891895,0.0133816799518346,0.91825,0.68,0.02982,0.051535,0.47390676227958,0.857940030669302,0.0393117557661082,0.133816799518346,35.3397109442926,44.7490334684439,NA
"A","C2",600,0.6,"weibull_cox","H-IPCW",100,0.882415,0.0116707201940791,0.904,0.54,0.03306,0.048535,0.274879940180218,0.863315814780838,0.079359239467682,0.116707201940791,83305.413325527,42.9773770472418,NA
"B","C2",600,0.6,"weibull_cox","H-IPCW",100,0.91471,0.00640059253885801,0.9265,0.72,0.01247,0.03965,0.410345682450246,0.876007700432913,0.0673578563204086,0.0640059253885801,132.946735237234,42.4525880694688,NA
"C","C2",600,0.6,"weibull_cox","H-IPCW",99,0.895419191919192,0.00788552105666594,0.912,0.585858585858586,0.0227020202020202,0.0408232323232323,0.496776600851662,0.857976497260782,0.0624174573469095,0.0784599438642233,57.3452443037942,50.4279332096794,NA
"A","C3",600,0.6,"weibull_cox","H-IPCW",100,0.89483,0.00809435587120414,0.912,0.6,0.02391,0.04265,0.256503691918603,0.876437904200942,0.0701789919355565,0.0809435587120414,138.985936502413,37.0573082544331,NA
"B","C3",600,0.6,"weibull_cox","H-IPCW",100,0.88296,0.0100628848003468,0.90825,0.6,0.034475,0.05191,0.426928928112587,0.845977205754859,0.0767635093233521,0.100628848003468,500.545935978055,37.4856620146634,NA
"C","C3",600,0.6,"weibull_cox","H-IPCW",100,0.89019,0.00814692970611406,0.90775,0.57,0.028045,0.04628,0.491669620324471,0.851669534786858,0.0709744583450535,0.0814692970611405,1790.99477135287,37.5146271122927,NA
"A","C1",1200,0.6,"weibull_cox","H-IPCW",100,0.90109,0.00752743594587107,0.9165,0.74,0.018205,0.0375,0.256571891438998,0.883584408410811,0.0715690667336896,0.0752743594587107,179.070659971793,67.374056143812,NA
"B","C1",1200,0.6,"weibull_cox","H-IPCW",100,0.91248,0.00282165078124723,0.91475,0.75,0.00611500000000001,0.02471,0.426402430496015,0.887934865971971,0.0230526406822351,0.0282165078124723,56.2676968962091,71.1182257914524,NA
"C","C1",1200,0.6,"weibull_cox","H-IPCW",100,0.909655,0.00331898194656376,0.91225,0.7,0.00795000000000001,0.025555,0.495362587423342,0.876427232405055,0.0291043056275288,0.0331898194656376,62.3282816744436,75.0353976015004,NA
"A","C2",1200,0.6,"weibull_cox","H-IPCW",100,0.89484,0.0101127179653377,0.915,0.68,0.02274,0.04032,0.259189944265196,0.877861518931575,0.0435842386486888,0.101127179653377,563.864629700161,78.1849137346827,NA
"B","C2",1200,0.6,"weibull_cox","H-IPCW",100,0.90993,0.00630261297423777,0.92075,0.85,0.01443,0.03879,0.418971465002953,0.868173608267503,0.0653236696625489,0.0630261297423777,348.698431350775,68.8300540071117,NA
"C","C2",1200,0.6,"weibull_cox","H-IPCW",100,0.89279,0.0105486754877309,0.9125,0.62,0.02343,0.03965,0.492297624963605,0.858284188261002,0.0508126883064584,0.105486754877309,270.528226752903,89.2302482912294,NA
"A","C3",1200,0.6,"weibull_cox","H-IPCW",100,0.880355,0.0144956355239232,0.91425,0.69,0.03842,0.057195,0.259893773746519,0.862892011544471,0.0711237362529969,0.144956355239232,1766.70629235583,58.9993535800803,NA
"B","C3",1200,0.6,"weibull_cox","H-IPCW",100,0.893905,0.00531946442489061,0.905,0.56,0.01863,0.031165,0.445462202987551,0.866081961334963,0.040558101483669,0.0531946442489061,102.258472382666,52.9145064229801,NA
"C","C3",1200,0.6,"weibull_cox","H-IPCW",100,0.89075,0.00837127272705334,0.90625,0.62,0.02372,0.03819,0.503898817349239,0.854656096620866,0.067342858612184,0.0837127272705334,30695.5456648239,63.6126765702466,NA
"A","C1",300,0.8,"weibull_cox","H-IPCW",100,0.9171,0.00678015896241051,0.93375,0.72,0.018725,0.05455,0.209971996370225,0.890100233471492,0.0730254556419689,0.0678015896241051,62.6723990582142,11.7347720430205,NA
"B","C1",300,0.8,"weibull_cox","H-IPCW",100,0.907705,0.00844763458315433,0.92525,0.76,0.025085,0.057875,0.375286880859999,0.862586027341995,0.0757958448795849,0.0844763458315433,277.602342212781,11.0623963953304,NA
"C","C1",300,0.8,"weibull_cox","H-IPCW",100,0.89847,0.00910438849670805,0.92875,0.64,0.032735,0.06394,0.433729547829261,0.833479697574685,0.06508199955953,0.0910438849670805,2106.15962246518,10.8363781071846,NA
"A","C2",300,0.8,"weibull_cox","H-IPCW",100,0.908145,0.00691818820431354,0.92725,0.69,0.0221,0.052345,0.228443759009081,0.87829722476074,0.0800040403020151,0.0691818820431354,673.742698806005,11.2375757116076,NA
"B","C2",300,0.8,"weibull_cox","H-IPCW",100,0.912695,0.00795865863209512,0.93425,0.71,0.02421,0.061115,0.320296410261232,0.854221353760062,0.11048885861836,0.0795865863209512,1344.86678767359,10.4482551339859,NA
"C","C2",300,0.8,"weibull_cox","H-IPCW",100,0.88041,0.0107901876955431,0.91,0.57,0.043975,0.06836,0.465824597634962,0.821784170094082,0.0857138179400415,0.107901876955431,111.083406308789,9.72015584008676,NA
"A","C3",300,0.8,"weibull_cox","H-IPCW",100,0.90726,0.00831873108524893,0.929,0.7,0.026385,0.06003,0.21713814356792,0.878155398005312,0.0863757354629625,0.0831873108524893,130.860790159154,11.4306049758511,NA
"B","C3",300,0.8,"weibull_cox","H-IPCW",100,0.892805,0.0112726425226938,0.92975,0.7,0.03947,0.071745,0.36950028035352,0.845436386870605,0.103253096903686,0.112726425226938,89.484309875218,10.4097774678643,NA
"C","C3",300,0.8,"weibull_cox","H-IPCW",100,0.89052,0.0101042218398993,0.927,0.62,0.039545,0.06961,0.442205250742668,0.81868155584571,0.0729102811056787,0.101042218398993,35.0772165206933,10.4369196302936,NA
"A","C1",600,0.8,"weibull_cox","H-IPCW",100,0.914525,0.00657383232708642,0.931,0.74,0.01703,0.048585,0.22203192224399,0.891924975700694,0.0652887912480103,0.0657383232708642,58.9890983650988,18.0096658770624,NA
"B","C1",600,0.8,"weibull_cox","H-IPCW",100,0.905035,0.00861718466000622,0.92775,0.7,0.02411,0.053255,0.387876192759817,0.870977021670808,0.0744251369505022,0.0861718466000622,279.790136622617,18.9627547450406,NA
"C","C1",600,0.8,"weibull_cox","H-IPCW",100,0.90661,0.00947785451790785,0.93275,0.71,0.02603,0.05867,0.421769497020729,0.869046851382097,0.0754003456305879,0.0947785451790785,145.254607841674,18.7629412873104,NA
"A","C2",600,0.8,"weibull_cox","H-IPCW",100,0.90751,0.00775033717089949,0.92275,0.71,0.02143,0.05037,0.237189392807321,0.882467152812945,0.0791421174058083,0.0775033717089949,63.2447320370918,20.3248475806949,NA
"B","C2",600,0.8,"weibull_cox","H-IPCW",100,0.926295,0.00579594988772419,0.938,0.88,0.010845,0.047985,0.366414053524236,0.877250611700924,0.0844764625636794,0.0579594988772419,146.424054117011,17.8417099207436,NA
"C","C2",600,0.8,"weibull_cox","H-IPCW",100,0.908265,0.00588322154155958,0.9185,0.61,0.018715,0.045695,0.46587516788182,0.866310993792227,0.0448200667540599,0.0588322154155958,310.775315961076,20.5636557571838,NA
"A","C3",600,0.8,"weibull_cox","H-IPCW",100,0.908695,0.00806831906128826,0.92525,0.75,0.02232,0.053335,0.228177692888742,0.885411076574996,0.086555639838654,0.0806831906128826,138.968386839073,16.408682151087,NA
"B","C3",600,0.8,"weibull_cox","H-IPCW",100,0.886115,0.0116086715563423,0.92525,0.71,0.042565,0.071245,0.394351342088729,0.850425086780316,0.109968360922769,0.116086715563423,688.266020946579,16.5667365741452,NA
"C","C3",600,0.8,"weibull_cox","H-IPCW",100,0.893645,0.0120573718910545,0.926,0.63,0.035375,0.064395,0.44342171455942,0.852015774154653,0.0667593295413314,0.120573718910545,921.574255687749,17.3662481023154,NA
"A","C1",1200,0.8,"weibull_cox","H-IPCW",100,0.92395,0.00423403418202374,0.93475,0.79,0.00779,0.03953,0.218889835581999,0.905524081357245,0.0385342560443158,0.0423403418202374,358.659350613051,28.1568547885706,NA
"B","C1",1200,0.8,"weibull_cox","H-IPCW",100,0.91244,0.00681183714224916,0.935,0.78,0.01764,0.04772,0.373145426972535,0.886430759298568,0.0570998593640469,0.0681183714224916,157.906945273306,29.613758669507,NA
"C","C1",1200,0.8,"weibull_cox","H-IPCW",100,0.921175,0.00343137171823265,0.93175,0.75,0.00655000000000001,0.034275,0.442122366817453,0.889254668314564,0.02584647759445,0.0343137171823265,66.0958851408762,29.2733519396687,NA
"A","C2",1200,0.8,"weibull_cox","H-IPCW",100,0.90677,0.00668238457710746,0.922,0.67,0.017385,0.04154,0.242471012283741,0.887018900425705,0.069797687438175,0.0668238457710746,183.655417727743,29.9400017505144,NA
"B","C2",1200,0.8,"weibull_cox","H-IPCW",100,0.923905,0.00560431244037062,0.93475,0.85,0.012075,0.048055,0.381335286334453,0.88039825823869,0.0723350788785333,0.0560431244037062,4316.30462120963,26.9105784321252,NA
"C","C2",1200,0.8,"weibull_cox","H-IPCW",100,0.91875,0.00456903555015562,0.92225,0.77,0.00962500000000001,0.038,0.461181517217822,0.885626948789303,0.036167399797066,0.0456903555015562,88.0761559576941,36.6541676841766,NA
"A","C3",1200,0.8,"weibull_cox","H-IPCW",100,0.914865,0.00640682186533553,0.9345,0.79,0.0163,0.047465,0.223710089993476,0.896264584053553,0.0596230583827188,0.0640682186533553,576.765139520895,25.2254419300786,NA
"B","C3",1200,0.8,"weibull_cox","H-IPCW",100,0.899195,0.0085949183218688,0.9255,0.71,0.028475,0.056145,0.392850417105783,0.872120882468885,0.0750041076316235,0.085949183218688,806.813886834498,24.0733244123114,NA
"C","C3",1200,0.8,"weibull_cox","H-IPCW",100,0.90407,0.00820744002214891,0.926,0.71,0.02084,0.04575,0.448614363231326,0.87044704487196,0.0638653887390336,0.0820744002214891,127.902940009565,24.9746096854662,NA
"A","C1",300,0.4,"weibull_cox","Stab-IPCW",100,0.926855,0.0061335939297405,0.93725,0.85,0.01103,0.048915,0.213657987207796,0.910020928713738,0.0613987628605665,0.061335939297405,10.8747340836039,58.2686527061689,NA
"B","C1",300,0.4,"weibull_cox","Stab-IPCW",100,0.934925,0.00258352760755327,0.94,0.87,0.00146,0.037845,0.370220949143966,0.906143080255117,0.0261804152261598,0.0258352760755327,6.96384953143386,55.5260006262637,NA
"C","C1",300,0.4,"weibull_cox","Stab-IPCW",100,0.933755,0.00343058506510025,0.941,0.85,0.00460500000000001,0.042965,0.398750876897827,0.903619274366395,0.0338559038015857,0.0343058506510025,6.75775542009826,57.6201646956653,NA
"A","C2",300,0.4,"weibull_cox","Stab-IPCW",100,0.92932,0.00535386445910472,0.9345,0.84,0.007595,0.04451,0.216536980986669,0.912142396278343,0.0558801025284122,0.0535386445910472,15591.1502592971,59.4846763343955,NA
"B","C2",300,0.4,"weibull_cox","Stab-IPCW",100,0.942565,0.0021388264388102,0.9435,0.99,1e-05,0.042585,0.368610458038268,0.913751220013911,0.0247133056216176,0.021388264388102,3.83664187468408,62.2248661616305,NA
"C","C2",300,0.4,"weibull_cox","Stab-IPCW",100,0.930355,0.00353617877850305,0.9365,0.88,0.004575,0.039505,0.412423777643434,0.900076927269012,0.0365209224661396,0.0353617877850305,42.09124296529,61.6104186575306,NA
"A","C3",300,0.4,"weibull_cox","Stab-IPCW",100,0.93014,0.00552951712140939,0.93875,0.83,0.00778500000000001,0.04571,0.206544071768479,0.913664551294987,0.0553660910702936,0.0552951712140939,8.20577906745369,55.4142318813999,NA
"B","C3",300,0.4,"weibull_cox","Stab-IPCW",100,0.914425,0.00859613600944804,0.936,0.81,0.01775,0.049925,0.373599330407781,0.880346889270386,0.0630036074003271,0.0859613600944804,51.133718933115,51.0140701434867,NA
"C","C3",300,0.4,"weibull_cox","Stab-IPCW",100,0.93223,0.00368762207467855,0.9435,0.85,0.00523000000000001,0.04269,0.404580685716951,0.90140647822455,0.039162443357086,0.0368762207467855,6.82064244153112,55.3728328181269,NA
"A","C1",600,0.4,"weibull_cox","Stab-IPCW",100,0.934435,0.00205444400057903,0.938,0.93,0.000805000000000002,0.036045,0.215225582827414,0.921163847933929,0.0216641024123626,0.0205444400057903,4.60347818661053,124.39940758025,NA
"B","C1",600,0.4,"weibull_cox","Stab-IPCW",100,0.933035,0.00527123533620886,0.93925,0.97,0.00471,0.042455,0.371565721775032,0.907540768291912,0.0423902027941515,0.0527123533620886,33.7776457738386,112.219347078707,NA
"C","C1",600,0.4,"weibull_cox","Stab-IPCW",100,0.92866,0.00545728999975392,0.93875,0.89,0.006015,0.04069,0.418436292112688,0.899987013307892,0.0455160089496769,0.0545728999975392,2466.41207150039,115.144721619589,NA
"A","C2",600,0.4,"weibull_cox","Stab-IPCW",100,0.925285,0.00351463214880507,0.9325,0.87,0.004785,0.034855,0.223844615418792,0.910629884098428,0.0352337074605291,0.0351463214880507,19.8008123042668,112.79032753975,NA
"B","C2",600,0.4,"weibull_cox","Stab-IPCW",100,0.940565,0.00185711374574808,0.939,0.98,0.00014,0.040845,0.377005828188872,0.90909903938994,0.0191904332226432,0.0185711374574808,3.95205680825358,128.892737430822,NA
"C","C2",600,0.4,"weibull_cox","Stab-IPCW",100,0.93239,0.00257981265469672,0.936,0.89,0.0021,0.03659,0.428448727892361,0.904804769506842,0.0252990198237087,0.0257981265469672,5.50935884973636,123.374168901564,NA
"A","C3",600,0.4,"weibull_cox","Stab-IPCW",100,0.931375,0.00235180325183752,0.93425,0.88,0.00157500000000001,0.034525,0.220280661897885,0.917644147539695,0.0255477370560852,0.0235180325183752,8.29047925487837,110.57243512744,NA
"B","C3",600,0.4,"weibull_cox","Stab-IPCW",100,0.930075,0.00546647438224283,0.93925,0.96,0.00599,0.042055,0.375477569007455,0.902586126798295,0.0428768497259797,0.0546647438224283,338.871349909411,103.423038409862,NA
"C","C3",600,0.4,"weibull_cox","Stab-IPCW",100,0.92588,0.0051672586171162,0.9345,0.86,0.00701,0.0399,0.43141983866992,0.896926321042572,0.0458944771220136,0.051672586171162,16.628626877346,106.294561147234,NA
"A","C1",1200,0.4,"weibull_cox","Stab-IPCW",100,0.94028,0.00151473103256324,0.94175,1,0,0.04028,0.208851902877124,0.927402786807527,0.0149541386454139,0.0151473103256324,5.94700817177145,244.679397040463,NA
"B","C1",1200,0.4,"weibull_cox","Stab-IPCW",100,0.937035,0.00143162786132896,0.938,0.99,0.000175000000000001,0.037385,0.378220093021725,0.915915423143893,0.0144986937760655,0.0143162786132896,8.31811199964872,230.278394866287,NA
"C","C1",1200,0.4,"weibull_cox","Stab-IPCW",100,0.936255,0.00244873184041508,0.937,0.99,0.00145,0.039155,0.423981622712901,0.908214701180672,0.0225565507070115,0.0244873184041508,15.203313327776,232.286835167848,NA
"A","C2",1200,0.4,"weibull_cox","Stab-IPCW",100,0.934915,0.00207937265937726,0.93875,0.94,0.001565,0.038045,0.211134585791322,0.922048502324728,0.0214391315970672,0.0207937265937726,14.1533197105768,234.20966197792,NA
"B","C2",1200,0.4,"weibull_cox","Stab-IPCW",100,0.94108,0.00125713559292142,0.94225,0.99,3e-05,0.04114,0.377172942905671,0.910085759540617,0.0133166562369588,0.0125713559292142,6.53294614153351,252.056576546497,NA
"C","C2",1200,0.4,"weibull_cox","Stab-IPCW",100,0.920575,0.00824128978517515,0.93375,0.96,0.013365,0.047305,0.428837130024593,0.89100980438725,0.0683114525204562,0.0824128978517515,689.860944542761,231.106208541351,NA
"A","C3",1200,0.4,"weibull_cox","Stab-IPCW",100,0.93738,0.00269584528825039,0.94225,0.96,0.001975,0.04133,0.206287893076364,0.923905262212551,0.0297131063147004,0.0269584528825039,17.9386165662951,218.322423403317,NA
"B","C3",1200,0.4,"weibull_cox","Stab-IPCW",100,0.933065,0.00207254363553873,0.93425,0.95,0.00106,0.035185,0.384615310065387,0.911599269688368,0.018805490279343,0.0207254363553874,14.6075712994749,205.996579318305,NA
"C","C3",1200,0.4,"weibull_cox","Stab-IPCW",100,0.928045,0.00403528687350914,0.93325,0.96,0.00541,0.038865,0.430207853288591,0.897177868560056,0.0375635488475224,0.0403528687350914,31.6053339746988,209.859705553257,NA
"A","C1",300,0.6,"weibull_cox","Stab-IPCW",100,0.95085,0.00468506923506726,0.95525,0.96,0.00407,0.05899,0.16769924768196,0.935765552413721,0.0502844434445212,0.0468506923506726,6.78274017226327,37.6900991733321,NA
"B","C1",300,0.6,"weibull_cox","Stab-IPCW",100,0.929135,0.00918473111234404,0.94875,0.89,0.01664,0.062415,0.341792472040585,0.899607252263308,0.066376565780767,0.0918473111234404,754.728980242338,32.8177431867603,NA
"C","C1",300,0.6,"weibull_cox","Stab-IPCW",100,0.94126,0.0052296816056974,0.95225,0.89,0.007965,0.05719,0.367586355270853,0.912542540777177,0.0423161501752766,0.052296816056974,8.5904136412964,34.495851221658,NA
"A","C2",300,0.6,"weibull_cox","Stab-IPCW",100,0.94885,0.00474348303603284,0.957,0.98,0.003575,0.056,0.164846712142103,0.934405607590381,0.0520585334896298,0.0474348303603284,22.8093233375147,37.4882236536996,NA
"B","C2",300,0.6,"weibull_cox","Stab-IPCW",100,0.95238,0.00304974017770615,0.95825,0.93,0.001795,0.05597,0.32731926691555,0.92658633097832,0.0326095666696729,0.0304974017770615,20.9204187522259,34.110067529081,NA
"C","C2",300,0.6,"weibull_cox","Stab-IPCW",100,0.93072,0.0110299759608519,0.953,0.9,0.01695,0.06462,0.368584679979029,0.899453662920505,0.0456782776657029,0.110299759608519,25.422946253313,37.0736503823042,NA
"A","C3",300,0.6,"weibull_cox","Stab-IPCW",100,0.95433,0.00279410653217291,0.957,0.98,0.000935000000000001,0.0562,0.1727444204389,0.940244780674502,0.0291696535267165,0.0279410653217291,4.99691618116774,35.0834585761339,NA
"B","C3",300,0.6,"weibull_cox","Stab-IPCW",100,0.92817,0.00916413524275339,0.948,0.89,0.016245,0.06066,0.33646288921958,0.895965284449004,0.0650591028887339,0.0916413524275339,4680.2498840668,30.8922968143456,NA
"C","C3",300,0.6,"weibull_cox","Stab-IPCW",100,0.930235,0.00751236507635272,0.94925,0.8,0.015245,0.060725,0.369844645102423,0.896872610639426,0.0612987385966086,0.0751236507635272,11.9370553357211,31.9261234960492,NA
"A","C1",600,0.6,"weibull_cox","Stab-IPCW",100,0.939115,0.0105808094222655,0.955,0.94,0.013795,0.066705,0.171880819854286,0.927860504262748,0.0422808073085965,0.105808094222655,13.553043000179,73.0902956592365,NA
"B","C1",600,0.6,"weibull_cox","Stab-IPCW",100,0.95339,0.00192349350732652,0.95525,0.99,6.00000000000001e-05,0.05351,0.327639244980224,0.932894416716067,0.0208939119256198,0.0192349350732652,6.49947125463434,67.5346827490496,NA
"C","C1",600,0.6,"weibull_cox","Stab-IPCW",100,0.93317,0.0136364192625128,0.95775,0.94,0.01897,0.07111,0.359400669996186,0.910134353339048,0.0268649822766975,0.136364192625128,5.04259152964315,74.286893764095,NA
"A","C2",600,0.6,"weibull_cox","Stab-IPCW",100,0.92458,0.0123148073800641,0.9505,0.92,0.02374,0.07206,0.179287077181289,0.911909848011374,0.0837757347766866,0.123148073800641,7847.24133517498,72.5687492507621,NA
"B","C2",600,0.6,"weibull_cox","Stab-IPCW",100,0.952405,0.00465625296420487,0.96125,0.97,0.00476,0.061925,0.329903837976865,0.926256095085751,0.0491918528197341,0.0465625296420487,16.7022322117504,73.0488751494597,NA
"C","C2",600,0.6,"weibull_cox","Stab-IPCW",99,0.947434343434343,0.00305804869912998,0.953,0.96969696969697,0.00188888888888889,0.0512121212121212,0.372513345292165,0.921542553550639,0.0263302057746779,0.0304272003769458,8.72897121603431,73.9344862129897,NA
"A","C3",600,0.6,"weibull_cox","Stab-IPCW",100,0.948985,0.0032828330260261,0.956,0.95,0.003285,0.055555,0.177766023620217,0.93691286411507,0.0273776433159495,0.032828330260261,12.5270522389203,65.7389167101518,NA
"B","C3",600,0.6,"weibull_cox","Stab-IPCW",100,0.934275,0.00709464649143168,0.94825,0.92,0.01015,0.054575,0.34816878606163,0.908483626648973,0.0608774227941739,0.0709464649143168,34.7735720317324,58.9374328023024,NA
"C","C3",600,0.6,"weibull_cox","Stab-IPCW",100,0.94217,0.00566478676482258,0.9545,0.94,0.005325,0.05282,0.369434454116334,0.916203423418795,0.0490001030714232,0.0566478676482258,119.773211525417,61.7440870212221,NA
"A","C1",1200,0.6,"weibull_cox","Stab-IPCW",100,0.957565,0.0022343694453205,0.9625,0.98,0.000900000000000001,0.059365,0.156533843038292,0.94629576304851,0.0216454441517205,0.022343694453205,15.3010402190486,144.998675833091,NA
"B","C1",1200,0.6,"weibull_cox","Stab-IPCW",100,0.953,0.00151245669442971,0.954,1,0,0.053,0.338570339346634,0.936842009450491,0.0161717424084498,0.0151245669442971,9.42302176999992,129.007853655169,NA
"C","C1",1200,0.6,"weibull_cox","Stab-IPCW",100,0.95571,0.0015727987664021,0.95475,1,0,0.05571,0.364469749468328,0.933115807181093,0.0178217889566722,0.015727987664021,7.14208517852008,141.91859803068,NA
"A","C2",1200,0.6,"weibull_cox","Stab-IPCW",100,0.94315,0.0101540321393459,0.95825,0.97,0.011845,0.06684,0.163910463686984,0.931190170862881,0.0322394763974826,0.101540321393459,38.960882583757,144.159399900734,NA
"B","C2",1200,0.6,"weibull_cox","Stab-IPCW",100,0.954295,0.00305940423823484,0.959,0.97,0.00281,0.059915,0.328082873464944,0.929200186945319,0.0311040937251778,0.0305940423823484,34.3981276468832,135.912610771807,NA
"C","C2",1200,0.6,"weibull_cox","Stab-IPCW",100,0.9396,0.0102286239286987,0.95225,0.97,0.01242,0.06444,0.368095923694378,0.915668140836655,0.0388241307863181,0.102286239286987,37.1996153504387,140.874076397901,NA
"A","C3",1200,0.6,"weibull_cox","Stab-IPCW",100,0.93363,0.0141742236885029,0.95925,0.96,0.02199,0.07761,0.163909800648496,0.92171807089989,0.0478477171911476,0.141742236885029,86.1637756965366,127.071435111555,NA
"B","C3",1200,0.6,"weibull_cox","Stab-IPCW",100,0.94624,0.00179199228894445,0.94875,0.98,0.000110000000000001,0.04646,0.348809785211258,0.92770981189841,0.0170785470013338,0.0179199228894445,16.7626209320655,102.980040979135,NA
"C","C3",1200,0.6,"weibull_cox","Stab-IPCW",100,0.93948,0.00751194308344312,0.95,0.96,0.010155,0.05979,0.378062963847054,0.914361539358825,0.062187318854109,0.0751194308344312,1376.48534082857,119.994299467794,NA
"A","C1",300,0.8,"weibull_cox","Stab-IPCW",100,0.9643,0.00484884136946783,0.97325,0.97,0.004005,0.07231,0.117723071857339,0.950530922240879,0.0516275511757438,0.0484884136946783,5.72898821994854,17.6192535285765,NA
"B","C1",300,0.8,"weibull_cox","Stab-IPCW",100,0.96037,0.00379855514796366,0.9725,0.93,0.003115,0.0666,0.260145388861839,0.933207433519148,0.0294707524933662,0.0379855514796366,49.9897719278479,15.9003391956401,NA
"C","C1",300,0.8,"weibull_cox","Stab-IPCW",100,0.956075,0.00472449759500971,0.97125,0.9,0.00652500000000001,0.069125,0.270514992573445,0.914922548791162,0.0303878963145566,0.0472449759500971,84.9577520207112,17.0416994870487,NA
"A","C2",300,0.8,"weibull_cox","Stab-IPCW",100,0.96166,0.0031196742901732,0.9695,0.95,0.001825,0.06531,0.128204003561772,0.945626940092665,0.0276339711883103,0.031196742901732,164.897874215414,18.6923457596026,NA
"B","C2",300,0.8,"weibull_cox","Stab-IPCW",100,0.951915,0.00640061177237036,0.9705,0.92,0.00879,0.069495,0.251389448213962,0.910401644058375,0.0865292617055822,0.0640061177237036,57.3487671630472,17.166694802917,NA
"C","C2",300,0.8,"weibull_cox","Stab-IPCW",100,0.94784,0.00689930782650321,0.96575,0.87,0.010645,0.06913,0.288922424771918,0.911885383578425,0.0452713479973255,0.0689930782650321,13.1576110896136,15.8680716292335,NA
"A","C3",300,0.8,"weibull_cox","Stab-IPCW",100,0.96482,0.00430728487916727,0.974,0.98,0.003345,0.07151,0.122134364105316,0.951063806560934,0.0507519218922552,0.0430728487916727,11.2163242545782,16.5178590306821,NA
"B","C3",300,0.8,"weibull_cox","Stab-IPCW",100,0.95237,0.00635702355547378,0.97125,0.93,0.009175,0.07072,0.266491763957575,0.923359713094315,0.0602026040579104,0.0635702355547378,11.2630103558388,14.493024164998,NA
"C","C3",300,0.8,"weibull_cox","Stab-IPCW",100,0.95366,0.00479995201996222,0.967,0.9,0.006775,0.06721,0.283452753051141,0.908270942024982,0.0297694847490215,0.0479995201996222,3.83104116164877,16.3752665574688,NA
"A","C1",600,0.8,"weibull_cox","Stab-IPCW",100,0.97149,0.00171558483122558,0.97525,1,0,0.07149,0.115717789931232,0.960372960675837,0.0173205080756888,0.0171558483122558,4.23331752574379,34.0308648220045,NA
"B","C1",600,0.8,"weibull_cox","Stab-IPCW",100,0.955945,0.0075329541839423,0.9675,0.97,0.00908,0.074105,0.289074997200831,0.937335927775179,0.0645790565543857,0.075329541839423,28.9816886667952,30.4594440321816,NA
"C","C1",600,0.8,"weibull_cox","Stab-IPCW",100,0.962275,0.00449624071370245,0.97525,0.94,0.004555,0.071385,0.281962176645415,0.940740552337706,0.0358414014877496,0.0449624071370245,9.41134581669608,31.9704439531366,NA
"A","C2",600,0.8,"weibull_cox","Stab-IPCW",100,0.969975,0.00200169593499153,0.97525,0.99,0.00021,0.070395,0.121283875122232,0.959224437264312,0.0197097627452678,0.0200169593499153,4.95134678610593,36.782972218278,NA
"B","C2",600,0.8,"weibull_cox","Stab-IPCW",100,0.9634,0.00468623063621047,0.97325,0.96,0.005635,0.07467,0.262160186219452,0.931705056927011,0.065703573692453,0.0468623063621047,13.1193960210565,34.240674792841,NA
"C","C2",600,0.8,"weibull_cox","Stab-IPCW",100,0.963085,0.00276747938957405,0.97075,0.96,0.000390000000000003,0.063865,0.277635386521686,0.938776956745222,0.0262205101307193,0.0276747938957405,28.6472475927497,33.9760935476987,NA
"A","C3",600,0.8,"weibull_cox","Stab-IPCW",100,0.9674,0.00328065957891508,0.9745,0.97,0.002155,0.07171,0.116100847134076,0.955610928017805,0.0319296891701916,0.0328065957891508,8.08011982924326,29.7850615239731,NA
"B","C3",600,0.8,"weibull_cox","Stab-IPCW",100,0.946945,0.00873867490763984,0.967,0.93,0.015095,0.077135,0.290571606494653,0.925921554263373,0.0804128237423747,0.0873867490763984,67.2089654842954,25.824484363949,NA
"C","C3",600,0.8,"weibull_cox","Stab-IPCW",100,0.946655,0.0112361580276455,0.97225,0.93,0.01606,0.078775,0.304296450642432,0.923345362806597,0.0533166640616859,0.112361580276455,40.5881911939486,28.5882993664788,NA
"A","C1",1200,0.8,"weibull_cox","Stab-IPCW",100,0.976325,0.00314659006551601,0.9835,0.98,0.002025,0.080375,0.0954553349738801,0.966912136955339,0.0249646214317847,0.0314659006551601,10.9043326897753,66.5885254250477,NA
"B","C1",1200,0.8,"weibull_cox","Stab-IPCW",100,0.967855,0.002520434616602,0.972,0.98,0.001455,0.070765,0.274621663322914,0.954235160117144,0.0222190654323459,0.02520434616602,13.7284877954177,56.495478868752,NA
"C","C1",1200,0.8,"weibull_cox","Stab-IPCW",100,0.974355,0.00128772948332413,0.97575,1,0,0.074355,0.282860798012012,0.957982848879826,0.0138808057286588,0.0128772948332413,5.3198502199763,63.0345504152081,NA
"A","C2",1200,0.8,"weibull_cox","Stab-IPCW",100,0.9752,0.00266431714677248,0.98025,0.99,0.001545,0.07829,0.108793224380204,0.96626891767066,0.0295152759626522,0.0266431714677248,9.56725858640936,69.869831325259,NA
"B","C2",1200,0.8,"weibull_cox","Stab-IPCW",100,0.96979,0.00360950051106714,0.97675,0.98,0.00331,0.07641,0.271520076587603,0.947492797680237,0.0424381903478459,0.0360950051106714,362.974606377431,60.2826663321399,NA
"C","C2",1200,0.8,"weibull_cox","Stab-IPCW",100,0.969515,0.00200455863047961,0.973,0.99,6e-04,0.070715,0.295235248582045,0.951268008603421,0.0196049365047055,0.0200455863047961,9.91316105805255,64.8162610916712,NA
"A","C3",1200,0.8,"weibull_cox","Stab-IPCW",100,0.97601,0.00312936547607151,0.9825,0.99,0.001975,0.07996,0.0954063643332119,0.967225346705522,0.0261070059098273,0.0312936547607151,16.8977578282616,57.1297007886217,NA
"B","C3",1200,0.8,"weibull_cox","Stab-IPCW",100,0.95749,0.00595109691951446,0.9725,0.96,0.006825,0.07114,0.278795386837187,0.942060408412272,0.0524944441504686,0.0595109691951446,52.1863836935279,45.6869658171067,NA
"C","C3",1200,0.8,"weibull_cox","Stab-IPCW",100,0.96962,0.00159251912758283,0.97375,1,0,0.06962,0.294742655174901,0.951473983124744,0.0159050211244656,0.0159251912758283,9.20206071955999,52.5108759368464,NA
