"setting","mech","n","cens","backend","method","R","mean_cov","mcse_cov","med_cov","cov_q05","cov_q10","pac_success_nominal","pac_success_tol","pac_tol","mean_short","mean_abscal","med_lpb","worst_slice","sd_tau","sd_cov","mean_maxwt","mean_ess","mean_clipfrac","mean_clip_level","mean_nu_hat_c","mean_runtime"
"A","C1",600,0.2,"weibull_cox","CC",100,0.914625,0.0020705166363529,0.9135,0.877425,0.889,0.77,0.93,0.02,0.00313000000000001,0.020885,0.256754867539913,0.899588943992138,0.0228943555303816,0.020705166363529,1,192.43,NA,NA,NA,NA
"A","C1",1200,0.2,"weibull_cox","CC",100,0.92066,0.00156346998175161,0.921,0.89245,0.90095,0.91,0.99,0.02,0.000840000000000004,0.02234,0.249509207168916,0.906205952985968,0.015871644240881,0.0156346998175161,1,384.74,NA,NA,NA,NA
"A","C1",600,0.4,"weibull_cox","CC",100,0.928445,0.00203812023465474,0.92875,0.89375,0.8995,0.89,0.99,0.02,0.000950000000000003,0.030345,0.230775809101923,0.914117874288813,0.0220401378572748,0.0203812023465474,1,143.94,NA,NA,NA,NA
"A","C1",1200,0.4,"weibull_cox","CC",100,0.935045,0.00146054326062654,0.937,0.91125,0.9179,0.99,1,0.02,1.50000000000006e-05,0.035075,0.21926426276868,0.921836111723449,0.0145796315648118,0.0146054326062654,1,289.17,NA,NA,NA,NA
"A","C1",600,0.6,"weibull_cox","CC",100,0.93744,0.00964424589005687,0.9495,0.904625,0.92295,0.95,0.99,0.02,0.009285,0.05601,0.185972967021442,0.925493686781351,0.0204830553276496,0.0964424589005687,1,96.35,NA,NA,NA,NA
"A","C1",1200,0.6,"weibull_cox","CC",100,0.951685,0.00165196019163522,0.955,0.91695,0.9264,1,1,0.02,0,0.051685,0.176694643136162,0.93924212035037,0.0149000033896003,0.0165196019163522,1,192,NA,NA,NA,NA
"A","C1",600,0.2,"weibull_cox","Clip-AIPCW",100,0.909195,0.00209936131461283,0.9105,0.871425,0.8789,0.67,0.89,0.02,0.00467,0.018535,0.265624172657063,0.893240873745385,0.0223152346384639,0.0209936131461283,1.48441164980365,188.930480417071,0.106072850631105,1.48441164980365,0.914148524005712,NA
"A","C1",1200,0.2,"weibull_cox","Clip-AIPCW",100,0.912775,0.00162864780934022,0.91375,0.88475,0.8923,0.77,0.96,0.02,0.00233000000000001,0.017435,0.262797521729584,0.897707365458564,0.0159024805891687,0.0162864780934022,1.4920263462108,377.622227046425,0.100182107381243,1.4920263462108,0.913750515939603,NA
"A","C1",600,0.4,"weibull_cox","Clip-AIPCW",100,0.914975,0.00232660691726702,0.91525,0.86995,0.8867,0.77,0.91,0.02,0.00399500000000001,0.022965,0.253634085713709,0.898792657868291,0.0237741902325215,0.0232660691726702,2.12103861752652,134.572986287301,0.100364525681898,2.12103861752652,0.796694482959282,NA
"A","C1",1200,0.4,"weibull_cox","Clip-AIPCW",100,0.92023,0.00159757423437643,0.9225,0.891925,0.89795,0.86,1,0.02,0.00101500000000001,0.02226,0.247682482924138,0.905789875253481,0.0156721460437351,0.0159757423437643,2.14607635081152,269.446602637181,0.101621736086829,2.14607635081152,0.80268772494042,NA
"A","C1",600,0.6,"weibull_cox","Clip-AIPCW",100,0.916455,0.00962298672371777,0.92475,0.885,0.89355,0.82,0.97,0.02,0.011465,0.039385,0.234614348370416,0.901440012610173,0.0263588292378072,0.0962298672371777,3.00157004313083,83.4895662322418,0.109022071356049,3.00157004313083,0.644480915827762,NA
"A","C1",1200,0.6,"weibull_cox","Clip-AIPCW",100,0.93176,0.00183077617805711,0.9315,0.898975,0.90815,0.94,1,0.02,0.000500000000000002,0.03276,0.225657076052819,0.916703786893823,0.0175338057316244,0.0183077617805711,3.0602361454749,165.497465588616,0.102793585998653,3.0602361454749,0.641343271109418,NA
"A","C1",600,0.2,"weibull_cox","Clip-IPCW",100,0.908655,0.00209915441128666,0.90725,0.8715,0.8799,0.62,0.9,0.02,0.00465000000000001,0.017955,0.268612144589437,0.892701272876323,0.0228908256511184,0.0209915441128666,1.48441164980365,188.930480417071,0.106072850631105,1.48441164980365,0.914148524005712,NA
"A","C1",1200,0.2,"weibull_cox","Clip-IPCW",100,0.913745,0.00159803375079717,0.9145,0.886975,0.89295,0.78,0.98,0.02,0.00194500000000001,0.017635,0.261512617861017,0.898729889341888,0.0162356385644655,0.0159803375079717,1.4920263462108,377.622227046425,0.100182107381243,1.4920263462108,0.913750515939603,NA
"A","C1",600,0.4,"weibull_cox","Clip-IPCW",100,0.917815,0.00212247062774884,0.91875,0.8837,0.88895,0.82,0.95,0.02,0.00272,0.023255,0.250481476513469,0.901911475144321,0.0223785160320782,0.0212247062774884,2.12103861752652,134.572986287301,0.100364525681898,2.12103861752652,0.796694482959282,NA
"A","C1",1200,0.4,"weibull_cox","Clip-IPCW",100,0.922355,0.00159111000895792,0.92475,0.89695,0.89995,0.9,1,0.02,0.000565000000000003,0.023485,0.241851271765004,0.908014144087298,0.0159706169592977,0.0159111000895792,2.14607635081152,269.446602637181,0.101621736086829,2.14607635081152,0.80268772494042,NA
"A","C1",600,0.6,"weibull_cox","Clip-IPCW",100,0.92104,0.00962006184486305,0.9325,0.8934,0.898,0.88,0.98,0.02,0.01056,0.04216,0.221896656760276,0.906850322423055,0.0251610971160005,0.0962006184486305,3.00157004313083,83.4895662322418,0.109022071356049,3.00157004313083,0.644480915827762,NA
"A","C1",1200,0.6,"weibull_cox","Clip-IPCW",100,0.934745,0.0017375893989064,0.93425,0.90295,0.91085,0.96,1,0.02,0.000380000000000001,0.035505,0.217441255664866,0.920017502781313,0.0166881679490275,0.017375893989064,3.0602361454749,165.497465588616,0.102793585998653,3.0602361454749,0.641343271109418,NA
"A","C1",600,0.2,"weibull_cox","H-AIPCW",100,0.906375,0.00300504941218892,0.903,0.867325,0.87705,0.54,0.86,0.02,0.00746000000000001,0.021295,0.277155041569726,0.890060150097983,0.0318257566740963,0.0300504941218892,9.70784657875231,148.511064175254,NA,NA,NA,NA
"A","C1",1200,0.2,"weibull_cox","H-AIPCW",100,0.901415,0.00441593793301976,0.905,0.87145,0.877,0.6,0.88,0.02,0.00981000000000001,0.021035,0.274940526498639,0.885903900522622,0.0437867882846279,0.0441593793301976,14.0319664950653,285.276517738356,NA,NA,NA,NA
"A","C1",600,0.4,"weibull_cox","H-AIPCW",100,0.89454,0.00361213359261657,0.896,0.839475,0.8475,0.44,0.75,0.02,0.015935,0.02641,0.288701295794091,0.876354931704232,0.0368776300209164,0.0361213359261657,19.3935460026907,80.96585974494,NA,NA,NA,NA
"A","C1",1200,0.4,"weibull_cox","H-AIPCW",100,0.8996,0.00386389006891325,0.90275,0.85235,0.8724,0.52,0.8,0.02,0.01238,0.02436,0.282578809410641,0.883794745897836,0.0405113776261894,0.0386389006891325,35.2820778604386,146.042993413113,NA,NA,NA,NA
"A","C1",600,0.6,"weibull_cox","H-AIPCW",100,0.893995,0.0106798604363257,0.90025,0.784975,0.85745,0.51,0.78,0.02,0.02618,0.046355,0.280638109941597,0.875524570167965,0.0540179543664826,0.106798604363257,90.932914647291,39.564199953014,NA,NA,NA,NA
"A","C1",1200,0.6,"weibull_cox","H-AIPCW",100,0.887075,0.00666165104887442,0.8975,0.7929,0.82595,0.48,0.68,0.02,0.02658,0.040235,0.287021009588197,0.867116249797989,0.063077633744362,0.0666165104887442,179.070659971793,67.374056143812,NA,NA,NA,NA
"A","C1",600,0.2,"weibull_cox","H-IPCW",100,0.90064,0.00218983049018813,0.90125,0.86645,0.87135,0.52,0.82,0.02,0.00834000000000001,0.01732,0.281803818866873,0.883575928299157,0.0240645176577676,0.0218983049018813,9.70784657875231,148.511064175254,NA,NA,NA,NA
"A","C1",1200,0.2,"weibull_cox","H-IPCW",100,0.905505,0.00185560160681983,0.9065,0.87695,0.88365,0.62,0.92,0.02,0.00522500000000001,0.015955,0.27365558181889,0.89013294605825,0.0182183723452204,0.0185560160681983,14.0319664950653,285.276517738356,NA,NA,NA,NA
"A","C1",600,0.4,"weibull_cox","H-IPCW",100,0.90032,0.00329104631668803,0.904,0.8515,0.86325,0.57,0.81,0.02,0.011365,0.02305,0.274422311017387,0.882530934095211,0.0334760580810594,0.0329104631668803,19.3935460026907,80.96585974494,NA,NA,NA,NA
"A","C1",1200,0.4,"weibull_cox","H-IPCW",100,0.905665,0.00321390645429666,0.9065,0.867475,0.87745,0.62,0.89,0.02,0.00783500000000001,0.021335,0.267122882401174,0.890480373252967,0.0308983344325721,0.0321390645429666,35.2820778604386,146.042993413113,NA,NA,NA,NA
"A","C1",600,0.6,"weibull_cox","H-IPCW",100,0.88996,0.0117279358280935,0.9155,0.7696,0.857,0.64,0.78,0.02,0.02933,0.04862,0.260502984418895,0.872157497601211,0.0701959019207293,0.117279358280935,90.932914647291,39.564199953014,NA,NA,NA,NA
"A","C1",1200,0.6,"weibull_cox","H-IPCW",100,0.90109,0.00752743594587107,0.9165,0.827575,0.87855,0.74,0.88,0.02,0.018205,0.0375,0.256571891438998,0.883584408410811,0.0715690667336896,0.0752743594587107,179.070659971793,67.374056143812,NA,NA,NA,NA
"A","C1",600,0.2,"weibull_cox","HT-IPCW",100,0.90371,0.00658236924279433,0.92175,0.78645,0.82155,0.6,0.69,0.02,0.02531,0.05433,0.24474980657293,0.887789085985584,0.065927033433742,0.0658236924279433,9.70784657875231,148.511064175254,NA,NA,NA,NA
"A","C1",1200,0.2,"weibull_cox","HT-IPCW",100,0.906455,0.00634754424398073,0.91775,0.79645,0.8369,0.63,0.77,0.02,0.019525,0.045505,0.258127965858287,0.892307217493572,0.0628450073553576,0.0634754424398073,14.0319664950653,285.276517738356,NA,NA,NA,NA
"A","C1",600,0.4,"weibull_cox","HT-IPCW",100,0.919865,0.0104399264070126,0.97625,0.681825,0.81015,0.69,0.75,0.02,0.0325,0.084865,0.124449680001979,0.907177343013275,0.103786883428096,0.104399264070126,19.3935460026907,80.96585974494,NA,NA,NA,NA
"A","C1",1200,0.4,"weibull_cox","HT-IPCW",100,0.916315,0.0106134411992958,0.96925,0.699075,0.7722,0.7,0.72,0.02,0.03537,0.087055,0.138493438321025,0.904300042943451,0.103861990792172,0.106134411992958,35.2820778604386,146.042993413113,NA,NA,NA,NA
"A","C1",600,0.6,"weibull_cox","HT-IPCW",100,0.91208,0.0168943758497772,0.98575,0.499375,0.70205,0.8,0.81,0.02,0.052945,0.11797,0.0805391698811475,0.899062722624854,0.131087140421318,0.168943758497772,90.932914647291,39.564199953014,NA,NA,NA,NA
"A","C1",1200,0.6,"weibull_cox","HT-IPCW",100,0.92246,0.0133805238380946,0.987,0.60455,0.72905,0.78,0.79,0.02,0.043555,0.10957,0.0798763357363521,0.910607269526378,0.130898179259046,0.133805238380946,179.070659971793,67.374056143812,NA,NA,NA,NA
"A","C1",600,0.2,"weibull_cox","Naive-Y",100,0.952845,0.00144081372561452,0.955,0.925475,0.9329,1,1,0.02,0,0.052845,0.174840666637154,0.94215976636752,0.015668278447071,0.0144081372561452,1,240,NA,NA,NA,NA
"A","C1",1200,0.2,"weibull_cox","Naive-Y",100,0.95841,0.00110415606055512,0.96075,0.93545,0.94085,1,1,0.02,0,0.05841,0.164522955785816,0.947736670030077,0.0105102162900982,0.0110415606055512,1,480,NA,NA,NA,NA
"A","C1",600,0.4,"weibull_cox","Naive-Y",100,0.98596,0.000599776052482353,0.9865,0.975425,0.977,1,1,0.02,0,0.08596,0.0808005553080959,0.980016570719116,0.00609271795844942,0.00599776052482353,1,240,NA,NA,NA,NA
"A","C1",1200,0.4,"weibull_cox","Naive-Y",100,0.98882,0.000418482105623733,0.989,0.9825,0.98495,1,1,0.02,0,0.08882,0.0728497443446254,0.98392562514465,0.0021904291355759,0.00418482105623733,1,480,NA,NA,NA,NA
"A","C1",600,0.6,"weibull_cox","Naive-Y",100,0.978895,0.00989794972902893,0.9895,0.981375,0.9825,0.99,0.99,0.02,0.009,0.096895,0.0722940437054185,0.973467295210132,0,0.0989794972902893,1,240,NA,NA,NA,NA
"A","C1",1200,0.6,"weibull_cox","Naive-Y",100,0.98923,0.000341374228137339,0.98925,0.983475,0.98495,1,1,0.02,0,0.08923,0.0736812733441639,0.984257411745509,0,0.00341374228137339,1,480,NA,NA,NA,NA
"A","C1",600,0.2,"weibull_cox","Stab-IPCW",100,0.915795,0.00201719996705104,0.916,0.881825,0.8908,0.78,0.95,0.02,0.00264000000000001,0.021075,0.256496584255333,0.900565935016472,0.0220751700177627,0.0201719996705104,4.03368898949672,176.100069863811,NA,NA,NA,NA
"A","C1",1200,0.2,"weibull_cox","Stab-IPCW",100,0.922125,0.00159019049427445,0.92375,0.89345,0.90145,0.92,0.99,0.02,0.000720000000000004,0.023565,0.246002709482987,0.9079574776355,0.0160412977131912,0.0159019049427445,4.2342228672241,359.287818639042,NA,NA,NA,NA
"A","C1",600,0.4,"weibull_cox","Stab-IPCW",100,0.934435,0.00205444400057903,0.938,0.89775,0.911,0.93,0.99,0.02,0.000805000000000002,0.036045,0.215225582827414,0.921163847933929,0.0216641024123626,0.0205444400057903,4.60347818661053,124.39940758025,NA,NA,NA,NA
"A","C1",1200,0.4,"weibull_cox","Stab-IPCW",100,0.94028,0.00151473103256324,0.94175,0.91395,0.91995,1,1,0.02,0,0.04028,0.208851902877124,0.927402786807527,0.0149541386454139,0.0151473103256324,5.94700817177145,244.679397040463,NA,NA,NA,NA
"A","C1",600,0.6,"weibull_cox","Stab-IPCW",100,0.939115,0.0105808094222655,0.955,0.895475,0.92235,0.94,0.97,0.02,0.013795,0.066705,0.171880819854286,0.927860504262748,0.0422808073085965,0.105808094222655,13.553043000179,73.0902956592365,NA,NA,NA,NA
"A","C1",1200,0.6,"weibull_cox","Stab-IPCW",100,0.957565,0.0022343694453205,0.9625,0.919325,0.9349,0.98,0.99,0.02,0.000900000000000001,0.059365,0.156533843038292,0.94629576304851,0.0216454441517205,0.022343694453205,15.3010402190486,144.998675833091,NA,NA,NA,NA
